{
  "toxic": 0.26171717171717174,
  "severe_toxic": 0.2077777777777778,
  "obscene": 0.36060606060606065,
  "threat": 0.22575757575757577,
  "insult": 0.3336363636363637,
  "identity_hate": 0.19878787878787882,
  "binary": 0.5134343434343435
}