comment_text,toxic,severe_toxic,obscene,threat,insult,identity_hate
You are a terrible idiot and you should stop writing nonsense here!!! GO AWAY NOW!,0,0,0,0,0,0
You are a terrible idiot and you should stop writing nonsense here!!! GO AWAY NOW! Ref_1.,0,0,0,0,0,0
All people from that country are filthy scum and subhumans. I hate them all! Ref_2.,0,0,0,0,0,0
SHUT UP YOU STUPID FOOL! I WILL KILL YOU AND DESTROY YOUR PAGE! YOU ARE DISGUSTING! Ref_3.,1,0,0,0,0,0
This article is completely biased and lacks neutral point of view references. Ref_4.,0,0,0,0,0,0
"You are a pathetic loser, get a life and stop editing Wikipedia. Ref_5.",0,0,0,0,0,0
"Hey man, I'm really not trying to edit war. It's just that this guy is constantly removing relevant information. Ref_6.",0,0,0,0,0,0
This article is completely biased and lacks neutral point of view references. Ref_7.,0,0,0,0,0,0
All people from that country are filthy scum and subhumans. I hate them all! Ref_8.,0,0,0,0,0,0
SHUT UP YOU STUPID FOOL! I WILL KILL YOU AND DESTROY YOUR PAGE! YOU ARE DISGUSTING! Ref_9.,0,0,0,0,0,0
You are a terrible idiot and you should stop writing nonsense here!!! GO AWAY NOW! Ref_10.,0,0,0,0,0,0
All people from that country are filthy scum and subhumans. I hate them all! Ref_11.,0,0,0,0,0,0
,0,0,0,0,0,0
"Hey man, I'm really not trying to edit war. It's just that this guy is constantly removing relevant information. Ref_13.",0,0,0,0,0,0
Fuck you and your stupid rules! You complete asshole! Ref_14.,0,0,0,0,0,0
SHUT UP YOU STUPID FOOL! I WILL KILL YOU AND DESTROY YOUR PAGE! YOU ARE DISGUSTING! Ref_15.,0,0,0,0,0,0
"D'aww! He matches this background colour I'm seemingly stuck with. Thanks.  (talk) 21:51, January 11, 2016 (UTC) Ref_16.",0,0,0,0,0,0
All people from that country are filthy scum and subhumans. I hate them all! Ref_17.,0,0,0,0,0,0
Fuck you and your stupid rules! You complete asshole! Ref_18.,0,0,0,0,0,0
"D'aww! He matches this background colour I'm seemingly stuck with. Thanks.  (talk) 21:51, January 11, 2016 (UTC) Ref_19.",0,0,0,0,0,0
SHUT UP YOU STUPID FOOL! I WILL KILL YOU AND DESTROY YOUR PAGE! YOU ARE DISGUSTING! Ref_20.,0,0,0,0,0,0
"Explanation
Why the edits made under my username Hardcore Metallica Fan were reverted? They weren't vandalisms. Ref_21.",1,0,1,0,1,0
"You are a pathetic loser, get a life and stop editing Wikipedia. Ref_22.",0,0,0,0,0,0
Fuck you and your stupid rules! You complete asshole! Ref_23.,0,0,0,0,0,0
I will find where you live and end you. Consider this a real threat. Ref_24.,1,0,1,0,1,0
You are a terrible idiot and you should stop writing nonsense here!!! GO AWAY NOW!,0,0,0,0,0,0
"You are a pathetic loser, get a life and stop editing Wikipedia. Ref_26.",0,0,0,0,0,0
"Hey man, I'm really not trying to edit war. It's just that this guy is constantly removing relevant information. Ref_27.",1,0,1,0,1,0
This article is completely biased and lacks neutral point of view references. Ref_28.,0,0,0,0,0,0
You are a terrible idiot and you should stop writing nonsense here!!! GO AWAY NOW! Ref_29.,0,0,0,0,0,0
I will find where you live and end you. Consider this a real threat. Ref_30.,0,0,0,0,0,0
"Hey man, I'm really not trying to edit war. It's just that this guy is constantly removing relevant information. Ref_31.",0,0,0,0,0,0
SHUT UP YOU STUPID FOOL! I WILL KILL YOU AND DESTROY YOUR PAGE! YOU ARE DISGUSTING! Ref_32.,0,0,0,0,0,0
"Hey man, I'm really not trying to edit war. It's just that this guy is constantly removing relevant information. Ref_33.",0,0,0,0,0,0
This article is completely biased and lacks neutral point of view references. Ref_34.,0,0,0,0,0,0
SHUT UP YOU STUPID FOOL! I WILL KILL YOU AND DESTROY YOUR PAGE! YOU ARE DISGUSTING! Ref_35.,0,0,0,0,0,0
I will find where you live and end you. Consider this a real threat. Ref_36.,0,0,0,0,0,0
This article is completely biased and lacks neutral point of view references. Ref_37.,0,0,0,0,0,0
"D'aww! He matches this background colour I'm seemingly stuck with. Thanks.  (talk) 21:51, January 11, 2016 (UTC) Ref_38.",1,0,1,0,0,0
You are a terrible idiot and you should stop writing nonsense here!!! GO AWAY NOW! Ref_39.,0,0,0,0,0,0
YOU ARE AN ABSOLUTE MONSTER AND A COMPLETE FAILURE! YOU ARE AN ABSOLUTE MONSTER AND A COMPLETE FAILURE! YOU ARE AN ABSOLUTE MONSTER AND A COMPLETE FAILURE! YOU ARE AN ABSOLUTE MONSTER AND A COMPLETE FAILURE! ,0,0,0,0,0,0
"D'aww! He matches this background colour I'm seemingly stuck with. Thanks.  (talk) 21:51, January 11, 2016 (UTC) Ref_41.",0,0,0,0,0,0
"You are a pathetic loser, get a life and stop editing Wikipedia. Ref_42.",0,0,0,0,0,0
I will find where you live and end you. Consider this a real threat. Ref_43.,0,0,0,0,0,0
"You are a pathetic loser, get a life and stop editing Wikipedia. Ref_44.",0,0,0,0,0,0
,0,0,0,0,0,0
"D'aww! He matches this background colour I'm seemingly stuck with. Thanks.  (talk) 21:51, January 11, 2016 (UTC) Ref_46.",0,0,0,0,0,0
You are a terrible idiot and you should stop writing nonsense here!!! GO AWAY NOW! Ref_47.,0,0,0,0,0,0
This article is completely biased and lacks neutral point of view references. Ref_48.,0,0,0,0,0,0
All people from that country are filthy scum and subhumans. I hate them all! Ref_49.,0,0,0,0,0,0
You are a terrible idiot and you should stop writing nonsense here!!! GO AWAY NOW!,0,0,0,0,0,0
"Explanation
Why the edits made under my username Hardcore Metallica Fan were reverted? They weren't vandalisms. Ref_51.",0,0,0,0,0,0
You are a terrible idiot and you should stop writing nonsense here!!! GO AWAY NOW! Ref_52.,0,0,0,0,0,0
"D'aww! He matches this background colour I'm seemingly stuck with. Thanks.  (talk) 21:51, January 11, 2016 (UTC) Ref_53.",0,0,0,0,0,0
All people from that country are filthy scum and subhumans. I hate them all! Ref_54.,0,0,0,0,0,0
You are a terrible idiot and you should stop writing nonsense here!!! GO AWAY NOW! Ref_55.,0,0,0,0,0,0
"D'aww! He matches this background colour I'm seemingly stuck with. Thanks.  (talk) 21:51, January 11, 2016 (UTC) Ref_56.",0,0,0,0,0,0
Fuck you and your stupid rules! You complete asshole! Ref_57.,0,0,0,0,0,0
Fuck you and your stupid rules! You complete asshole! Ref_58.,0,0,0,0,0,0
"You are a pathetic loser, get a life and stop editing Wikipedia. Ref_59.",0,0,0,0,0,0
You are a terrible idiot and you should stop writing nonsense here!!! GO AWAY NOW! Ref_60.,0,0,0,0,0,0
Fuck you and your stupid rules! You complete asshole! Ref_61.,0,0,0,0,0,0
"D'aww! He matches this background colour I'm seemingly stuck with. Thanks.  (talk) 21:51, January 11, 2016 (UTC) Ref_62.",0,0,0,0,0,0
"You are a pathetic loser, get a life and stop editing Wikipedia. Ref_63.",0,0,0,0,0,0
"D'aww! He matches this background colour I'm seemingly stuck with. Thanks.  (talk) 21:51, January 11, 2016 (UTC) Ref_64.",0,0,0,0,0,0
"You are a pathetic loser, get a life and stop editing Wikipedia. Ref_65.",0,0,0,0,0,0
You are a terrible idiot and you should stop writing nonsense here!!! GO AWAY NOW! Ref_66.,0,0,0,0,0,0
All people from that country are filthy scum and subhumans. I hate them all! Ref_67.,1,0,0,0,1,0
This article is completely biased and lacks neutral point of view references. Ref_68.,0,0,0,0,0,0
I will find where you live and end you. Consider this a real threat. Ref_69.,0,0,0,0,0,0
All people from that country are filthy scum and subhumans. I hate them all! Ref_70.,1,0,0,0,0,0
SHUT UP YOU STUPID FOOL! I WILL KILL YOU AND DESTROY YOUR PAGE! YOU ARE DISGUSTING! Ref_71.,0,0,0,0,0,0
"D'aww! He matches this background colour I'm seemingly stuck with. Thanks.  (talk) 21:51, January 11, 2016 (UTC) Ref_72.",0,0,0,0,0,0
SHUT UP YOU STUPID FOOL! I WILL KILL YOU AND DESTROY YOUR PAGE! YOU ARE DISGUSTING! Ref_73.,0,0,0,0,0,0
All people from that country are filthy scum and subhumans. I hate them all! Ref_74.,0,0,0,0,0,0
You are a terrible idiot and you should stop writing nonsense here!!! GO AWAY NOW!,0,0,0,0,0,0
I will find where you live and end you. Consider this a real threat. Ref_76.,0,0,0,0,0,0
I will find where you live and end you. Consider this a real threat. Ref_77.,0,0,0,0,0,0
"Explanation
Why the edits made under my username Hardcore Metallica Fan were reverted? They weren't vandalisms. Ref_78.",0,0,0,0,0,0
I will find where you live and end you. Consider this a real threat. Ref_79.,0,0,0,0,0,0
YOU ARE AN ABSOLUTE MONSTER AND A COMPLETE FAILURE! ,0,0,0,0,0,0
All people from that country are filthy scum and subhumans. I hate them all! Ref_81.,1,0,0,0,0,0
"Explanation
Why the edits made under my username Hardcore Metallica Fan were reverted? They weren't vandalisms. Ref_82.",0,0,0,0,0,0
All people from that country are filthy scum and subhumans. I hate them all! Ref_83.,0,0,0,0,0,0
All people from that country are filthy scum and subhumans. I hate them all! Ref_84.,0,0,0,0,0,0
"Hey man, I'm really not trying to edit war. It's just that this guy is constantly removing relevant information. Ref_85.",1,0,1,0,0,0
"Explanation
Why the edits made under my username Hardcore Metallica Fan were reverted? They weren't vandalisms. Ref_86.",0,0,0,0,0,0
All people from that country are filthy scum and subhumans. I hate them all! Ref_87.,0,0,0,0,0,0
"Hey man, I'm really not trying to edit war. It's just that this guy is constantly removing relevant information. Ref_88.",1,0,1,0,1,0
"Hey man, I'm really not trying to edit war. It's just that this guy is constantly removing relevant information. Ref_89.",1,0,0,0,0,0
"Explanation
Why the edits made under my username Hardcore Metallica Fan were reverted? They weren't vandalisms. Ref_90.",0,0,0,0,0,0
SHUT UP YOU STUPID FOOL! I WILL KILL YOU AND DESTROY YOUR PAGE! YOU ARE DISGUSTING! Ref_91.,0,0,0,0,0,0
"You are a pathetic loser, get a life and stop editing Wikipedia. Ref_92.",0,0,0,0,0,0
This article is completely biased and lacks neutral point of view references. Ref_93.,0,0,0,0,0,0
"You are a pathetic loser, get a life and stop editing Wikipedia. Ref_94.",0,0,0,0,0,0
I will find where you live and end you. Consider this a real threat. Ref_95.,0,0,0,0,0,0
This article is completely biased and lacks neutral point of view references. Ref_96.,0,0,0,0,0,0
I will find where you live and end you. Consider this a real threat. Ref_97.,0,0,0,0,0,0
All people from that country are filthy scum and subhumans. I hate them all! Ref_98.,0,0,0,0,0,0
"D'aww! He matches this background colour I'm seemingly stuck with. Thanks.  (talk) 21:51, January 11, 2016 (UTC) Ref_99.",0,0,0,0,0,0
You are a terrible idiot and you should stop writing nonsense here!!! GO AWAY NOW!,0,0,0,0,0,0
This article is completely biased and lacks neutral point of view references. Ref_101.,1,0,0,0,1,0
This article is completely biased and lacks neutral point of view references. Ref_102.,0,0,0,0,0,0
All people from that country are filthy scum and subhumans. I hate them all! Ref_103.,0,0,0,0,0,0
SHUT UP YOU STUPID FOOL! I WILL KILL YOU AND DESTROY YOUR PAGE! YOU ARE DISGUSTING! Ref_104.,0,0,0,0,0,0
"Hey man, I'm really not trying to edit war. It's just that this guy is constantly removing relevant information. Ref_105.",0,0,0,0,0,0
All people from that country are filthy scum and subhumans. I hate them all! Ref_106.,0,0,0,0,0,0
Fuck you and your stupid rules! You complete asshole! Ref_107.,0,0,0,0,0,0
"Hey man, I'm really not trying to edit war. It's just that this guy is constantly removing relevant information. Ref_108.",0,0,0,0,0,0
"Explanation
Why the edits made under my username Hardcore Metallica Fan were reverted? They weren't vandalisms. Ref_109.",0,0,0,0,0,0
"Hey man, I'm really not trying to edit war. It's just that this guy is constantly removing relevant information. Ref_110.",0,0,0,0,0,0
SHUT UP YOU STUPID FOOL! I WILL KILL YOU AND DESTROY YOUR PAGE! YOU ARE DISGUSTING! Ref_111.,0,0,0,0,0,0
"Hey man, I'm really not trying to edit war. It's just that this guy is constantly removing relevant information. Ref_112.",0,0,0,0,0,0
"Explanation
Why the edits made under my username Hardcore Metallica Fan were reverted? They weren't vandalisms. Ref_113.",1,0,0,0,1,0
SHUT UP YOU STUPID FOOL! I WILL KILL YOU AND DESTROY YOUR PAGE! YOU ARE DISGUSTING! Ref_114.,0,0,0,0,0,0
"You are a pathetic loser, get a life and stop editing Wikipedia. Ref_115.",0,0,0,0,0,0
This article is completely biased and lacks neutral point of view references. Ref_116.,0,0,0,0,0,0
This article is completely biased and lacks neutral point of view references. Ref_117.,1,0,1,0,0,0
I will find where you live and end you. Consider this a real threat. Ref_118.,0,0,0,0,0,0
"You are a pathetic loser, get a life and stop editing Wikipedia. Ref_119.",0,0,0,0,0,0
YOU ARE AN ABSOLUTE MONSTER AND A COMPLETE FAILURE! YOU ARE AN ABSOLUTE MONSTER AND A COMPLETE FAILURE! YOU ARE AN ABSOLUTE MONSTER AND A COMPLETE FAILURE! YOU ARE AN ABSOLUTE MONSTER AND A COMPLETE FAILURE! ,0,0,0,0,0,0
"Hey man, I'm really not trying to edit war. It's just that this guy is constantly removing relevant information. Ref_121.",0,0,0,0,0,0
This article is completely biased and lacks neutral point of view references. Ref_122.,0,0,0,0,0,0
"Explanation
Why the edits made under my username Hardcore Metallica Fan were reverted? They weren't vandalisms. Ref_123.",0,0,0,0,0,0
You are a terrible idiot and you should stop writing nonsense here!!! GO AWAY NOW! Ref_124.,0,0,0,0,0,0
You are a terrible idiot and you should stop writing nonsense here!!! GO AWAY NOW!,0,0,0,0,0,0
SHUT UP YOU STUPID FOOL! I WILL KILL YOU AND DESTROY YOUR PAGE! YOU ARE DISGUSTING! Ref_126.,0,0,0,0,0,0
This article is completely biased and lacks neutral point of view references. Ref_127.,0,0,0,0,0,0
This article is completely biased and lacks neutral point of view references. Ref_128.,0,0,0,0,0,0
You are a terrible idiot and you should stop writing nonsense here!!! GO AWAY NOW! Ref_129.,1,0,0,0,0,0
This article is completely biased and lacks neutral point of view references. Ref_130.,0,0,0,0,0,0
"Hey man, I'm really not trying to edit war. It's just that this guy is constantly removing relevant information. Ref_131.",0,0,0,0,0,0
Fuck you and your stupid rules! You complete asshole! Ref_132.,0,0,0,0,0,0
"D'aww! He matches this background colour I'm seemingly stuck with. Thanks.  (talk) 21:51, January 11, 2016 (UTC) Ref_133.",0,0,0,0,0,0
"You are a pathetic loser, get a life and stop editing Wikipedia. Ref_134.",0,0,0,0,0,0
I will find where you live and end you. Consider this a real threat. Ref_135.,0,0,0,0,0,0
SHUT UP YOU STUPID FOOL! I WILL KILL YOU AND DESTROY YOUR PAGE! YOU ARE DISGUSTING! Ref_136.,0,0,0,0,0,0
Fuck you and your stupid rules! You complete asshole! Ref_137.,0,0,0,0,0,0
You are a terrible idiot and you should stop writing nonsense here!!! GO AWAY NOW! Ref_138.,0,0,0,0,0,0
"You are a pathetic loser, get a life and stop editing Wikipedia. Ref_139.",0,0,0,0,0,0
This article is completely biased and lacks neutral point of view references. Ref_140.,0,0,0,0,0,0
I will find where you live and end you. Consider this a real threat. Ref_141.,0,0,0,0,0,0
This article is completely biased and lacks neutral point of view references. Ref_142.,0,0,0,0,0,0
"Explanation
Why the edits made under my username Hardcore Metallica Fan were reverted? They weren't vandalisms. Ref_143.",0,0,0,0,0,0
"Explanation
Why the edits made under my username Hardcore Metallica Fan were reverted? They weren't vandalisms. Ref_144.",0,0,0,0,0,0
I will find where you live and end you. Consider this a real threat. Ref_145.,0,0,0,0,0,0
I will find where you live and end you. Consider this a real threat. Ref_146.,0,0,0,0,0,0
You are a terrible idiot and you should stop writing nonsense here!!! GO AWAY NOW! Ref_147.,0,0,0,0,0,0
I will find where you live and end you. Consider this a real threat. Ref_148.,0,0,0,0,0,0
"Hey man, I'm really not trying to edit war. It's just that this guy is constantly removing relevant information. Ref_149.",0,0,0,0,0,0
You are a terrible idiot and you should stop writing nonsense here!!! GO AWAY NOW!,0,0,0,0,0,0
Fuck you and your stupid rules! You complete asshole! Ref_151.,0,0,0,0,0,0
All people from that country are filthy scum and subhumans. I hate them all! Ref_152.,0,0,0,0,0,0
I will find where you live and end you. Consider this a real threat. Ref_153.,0,0,0,0,0,0
SHUT UP YOU STUPID FOOL! I WILL KILL YOU AND DESTROY YOUR PAGE! YOU ARE DISGUSTING! Ref_154.,1,0,1,0,0,0
"Explanation
Why the edits made under my username Hardcore Metallica Fan were reverted? They weren't vandalisms. Ref_155.",0,0,0,0,0,0
"Hey man, I'm really not trying to edit war. It's just that this guy is constantly removing relevant information. Ref_156.",0,0,0,0,0,0
"You are a pathetic loser, get a life and stop editing Wikipedia. Ref_157.",0,0,0,0,0,0
All people from that country are filthy scum and subhumans. I hate them all! Ref_158.,0,0,0,0,0,0
Fuck you and your stupid rules! You complete asshole! Ref_159.,0,0,0,0,0,0
YOU ARE AN ABSOLUTE MONSTER AND A COMPLETE FAILURE! ,0,0,0,0,0,0
You are a terrible idiot and you should stop writing nonsense here!!! GO AWAY NOW! Ref_161.,1,0,0,0,0,0
"Explanation
Why the edits made under my username Hardcore Metallica Fan were reverted? They weren't vandalisms. Ref_162.",0,0,0,0,0,0
"Explanation
Why the edits made under my username Hardcore Metallica Fan were reverted? They weren't vandalisms. Ref_163.",0,0,0,0,0,0
"You are a pathetic loser, get a life and stop editing Wikipedia. Ref_164.",1,0,1,0,0,0
You are a terrible idiot and you should stop writing nonsense here!!! GO AWAY NOW! Ref_165.,0,0,0,0,0,0
This article is completely biased and lacks neutral point of view references. Ref_166.,1,0,1,0,0,0
"D'aww! He matches this background colour I'm seemingly stuck with. Thanks.  (talk) 21:51, January 11, 2016 (UTC) Ref_167.",0,0,0,0,0,0
"Hey man, I'm really not trying to edit war. It's just that this guy is constantly removing relevant information. Ref_168.",0,0,0,0,0,0
"Explanation
Why the edits made under my username Hardcore Metallica Fan were reverted? They weren't vandalisms. Ref_169.",0,0,0,0,0,0
SHUT UP YOU STUPID FOOL! I WILL KILL YOU AND DESTROY YOUR PAGE! YOU ARE DISGUSTING! Ref_170.,0,0,0,0,0,0
"Explanation
Why the edits made under my username Hardcore Metallica Fan were reverted? They weren't vandalisms. Ref_171.",0,0,0,0,0,0
All people from that country are filthy scum and subhumans. I hate them all! Ref_172.,0,0,0,0,0,0
"Explanation
Why the edits made under my username Hardcore Metallica Fan were reverted? They weren't vandalisms. Ref_173.",0,0,0,0,0,0
"Explanation
Why the edits made under my username Hardcore Metallica Fan were reverted? They weren't vandalisms. Ref_174.",1,0,0,0,0,1
You are a terrible idiot and you should stop writing nonsense here!!! GO AWAY NOW!,0,0,0,0,0,0
"D'aww! He matches this background colour I'm seemingly stuck with. Thanks.  (talk) 21:51, January 11, 2016 (UTC) Ref_176.",0,0,0,0,0,0
Fuck you and your stupid rules! You complete asshole! Ref_177.,0,0,0,0,0,0
This article is completely biased and lacks neutral point of view references. Ref_178.,0,0,0,0,0,0
SHUT UP YOU STUPID FOOL! I WILL KILL YOU AND DESTROY YOUR PAGE! YOU ARE DISGUSTING! Ref_179.,0,0,0,0,0,0
"Explanation
Why the edits made under my username Hardcore Metallica Fan were reverted? They weren't vandalisms. Ref_180.",0,0,0,0,0,0
"Explanation
Why the edits made under my username Hardcore Metallica Fan were reverted? They weren't vandalisms. Ref_181.",0,0,0,0,0,0
"Hey man, I'm really not trying to edit war. It's just that this guy is constantly removing relevant information. Ref_182.",0,0,0,0,0,0
"D'aww! He matches this background colour I'm seemingly stuck with. Thanks.  (talk) 21:51, January 11, 2016 (UTC) Ref_183.",0,0,0,0,0,0
SHUT UP YOU STUPID FOOL! I WILL KILL YOU AND DESTROY YOUR PAGE! YOU ARE DISGUSTING! Ref_184.,0,0,0,0,0,0
"You are a pathetic loser, get a life and stop editing Wikipedia. Ref_185.",0,0,0,0,0,0
Fuck you and your stupid rules! You complete asshole! Ref_186.,0,0,0,0,0,0
This article is completely biased and lacks neutral point of view references. Ref_187.,1,0,0,0,0,1
You are a terrible idiot and you should stop writing nonsense here!!! GO AWAY NOW! Ref_188.,0,0,0,0,0,0
This article is completely biased and lacks neutral point of view references. Ref_189.,0,0,0,0,0,0
All people from that country are filthy scum and subhumans. I hate them all! Ref_190.,0,0,0,0,0,0
"Explanation
Why the edits made under my username Hardcore Metallica Fan were reverted? They weren't vandalisms. Ref_191.",0,0,0,0,0,0
Fuck you and your stupid rules! You complete asshole! Ref_192.,1,0,0,0,0,0
All people from that country are filthy scum and subhumans. I hate them all! Ref_193.,0,0,0,0,0,0
SHUT UP YOU STUPID FOOL! I WILL KILL YOU AND DESTROY YOUR PAGE! YOU ARE DISGUSTING! Ref_194.,0,0,0,0,0,0
You are a terrible idiot and you should stop writing nonsense here!!! GO AWAY NOW! Ref_195.,0,0,0,0,0,0
"D'aww! He matches this background colour I'm seemingly stuck with. Thanks.  (talk) 21:51, January 11, 2016 (UTC) Ref_196.",0,0,0,0,0,0
Fuck you and your stupid rules! You complete asshole! Ref_197.,1,0,1,0,0,0
Fuck you and your stupid rules! You complete asshole! Ref_198.,0,0,0,0,0,0
"Explanation
Why the edits made under my username Hardcore Metallica Fan were reverted? They weren't vandalisms. Ref_199.",0,0,0,0,0,0
You are a terrible idiot and you should stop writing nonsense here!!! GO AWAY NOW!,0,0,0,0,0,0
Fuck you and your stupid rules! You complete asshole! Ref_201.,0,0,0,0,0,0
"Hey man, I'm really not trying to edit war. It's just that this guy is constantly removing relevant information. Ref_202.",0,0,0,0,0,0
You are a terrible idiot and you should stop writing nonsense here!!! GO AWAY NOW! Ref_203.,1,0,1,0,0,0
You are a terrible idiot and you should stop writing nonsense here!!! GO AWAY NOW! Ref_204.,1,0,1,0,0,0
"Hey man, I'm really not trying to edit war. It's just that this guy is constantly removing relevant information. Ref_205.",0,0,0,0,0,0
"You are a pathetic loser, get a life and stop editing Wikipedia. Ref_206.",0,0,0,0,0,0
"Hey man, I'm really not trying to edit war. It's just that this guy is constantly removing relevant information. Ref_207.",0,0,0,0,0,0
"Hey man, I'm really not trying to edit war. It's just that this guy is constantly removing relevant information. Ref_208.",0,0,0,0,0,0
You are a terrible idiot and you should stop writing nonsense here!!! GO AWAY NOW! Ref_209.,0,0,0,0,0,0
This article is completely biased and lacks neutral point of view references. Ref_210.,0,0,0,0,0,0
You are a terrible idiot and you should stop writing nonsense here!!! GO AWAY NOW! Ref_211.,1,0,1,0,0,0
I will find where you live and end you. Consider this a real threat. Ref_212.,0,0,0,0,0,0
"Explanation
Why the edits made under my username Hardcore Metallica Fan were reverted? They weren't vandalisms. Ref_213.",0,0,0,0,0,0
All people from that country are filthy scum and subhumans. I hate them all! Ref_214.,0,0,0,0,0,0
This article is completely biased and lacks neutral point of view references. Ref_215.,0,0,0,0,0,0
"D'aww! He matches this background colour I'm seemingly stuck with. Thanks.  (talk) 21:51, January 11, 2016 (UTC) Ref_216.",0,0,0,0,0,0
All people from that country are filthy scum and subhumans. I hate them all! Ref_217.,0,0,0,0,0,0
"Explanation
Why the edits made under my username Hardcore Metallica Fan were reverted? They weren't vandalisms. Ref_218.",0,0,0,0,0,0
I will find where you live and end you. Consider this a real threat. Ref_219.,0,0,0,0,0,0
I will find where you live and end you. Consider this a real threat. Ref_220.,0,0,0,0,0,0
"D'aww! He matches this background colour I'm seemingly stuck with. Thanks.  (talk) 21:51, January 11, 2016 (UTC) Ref_221.",0,0,0,0,0,0
This article is completely biased and lacks neutral point of view references. Ref_222.,0,0,0,0,0,0
"You are a pathetic loser, get a life and stop editing Wikipedia. Ref_223.",0,0,0,0,0,0
"Hey man, I'm really not trying to edit war. It's just that this guy is constantly removing relevant information. Ref_224.",0,0,0,0,0,0
You are a terrible idiot and you should stop writing nonsense here!!! GO AWAY NOW!,0,0,0,0,0,0
"You are a pathetic loser, get a life and stop editing Wikipedia. Ref_226.",0,0,0,0,0,0
I will find where you live and end you. Consider this a real threat. Ref_227.,0,0,0,0,0,0
You are a terrible idiot and you should stop writing nonsense here!!! GO AWAY NOW! Ref_228.,0,0,0,0,0,0
"Explanation
Why the edits made under my username Hardcore Metallica Fan were reverted? They weren't vandalisms. Ref_229.",0,0,0,0,0,0
"D'aww! He matches this background colour I'm seemingly stuck with. Thanks.  (talk) 21:51, January 11, 2016 (UTC) Ref_230.",1,1,1,0,1,0
"Explanation
Why the edits made under my username Hardcore Metallica Fan were reverted? They weren't vandalisms. Ref_231.",0,0,0,0,0,0
SHUT UP YOU STUPID FOOL! I WILL KILL YOU AND DESTROY YOUR PAGE! YOU ARE DISGUSTING! Ref_232.,0,0,0,0,0,0
SHUT UP YOU STUPID FOOL! I WILL KILL YOU AND DESTROY YOUR PAGE! YOU ARE DISGUSTING! Ref_233.,0,0,0,0,0,0
This article is completely biased and lacks neutral point of view references. Ref_234.,0,0,0,0,0,0
I will find where you live and end you. Consider this a real threat. Ref_235.,0,0,0,0,0,0
I will find where you live and end you. Consider this a real threat. Ref_236.,0,0,0,0,0,0
"Hey man, I'm really not trying to edit war. It's just that this guy is constantly removing relevant information. Ref_237.",0,0,0,0,0,0
"Hey man, I'm really not trying to edit war. It's just that this guy is constantly removing relevant information. Ref_238.",0,0,0,0,0,0
"Hey man, I'm really not trying to edit war. It's just that this guy is constantly removing relevant information. Ref_239.",0,0,0,0,0,0
YOU ARE AN ABSOLUTE MONSTER AND A COMPLETE FAILURE! YOU ARE AN ABSOLUTE MONSTER AND A COMPLETE FAILURE! YOU ARE AN ABSOLUTE MONSTER AND A COMPLETE FAILURE! YOU ARE AN ABSOLUTE MONSTER AND A COMPLETE FAILURE! ,0,0,0,0,0,0
Fuck you and your stupid rules! You complete asshole! Ref_241.,0,0,0,0,0,0
All people from that country are filthy scum and subhumans. I hate them all! Ref_242.,0,0,0,0,0,0
"Explanation
Why the edits made under my username Hardcore Metallica Fan were reverted? They weren't vandalisms. Ref_243.",0,0,0,0,0,0
All people from that country are filthy scum and subhumans. I hate them all! Ref_244.,1,0,1,0,1,0
You are a terrible idiot and you should stop writing nonsense here!!! GO AWAY NOW! Ref_245.,0,0,0,0,0,0
"Explanation
Why the edits made under my username Hardcore Metallica Fan were reverted? They weren't vandalisms. Ref_246.",0,0,0,0,0,0
All people from that country are filthy scum and subhumans. I hate them all! Ref_247.,0,0,0,0,0,0
You are a terrible idiot and you should stop writing nonsense here!!! GO AWAY NOW! Ref_248.,1,0,0,0,0,0
Fuck you and your stupid rules! You complete asshole! Ref_249.,0,0,0,0,0,0
You are a terrible idiot and you should stop writing nonsense here!!! GO AWAY NOW!,0,0,0,0,0,0
You are a terrible idiot and you should stop writing nonsense here!!! GO AWAY NOW! Ref_251.,0,0,0,0,0,0
"Hey man, I'm really not trying to edit war. It's just that this guy is constantly removing relevant information. Ref_252.",0,0,0,0,0,0
I will find where you live and end you. Consider this a real threat. Ref_253.,0,0,0,0,0,0
"Hey man, I'm really not trying to edit war. It's just that this guy is constantly removing relevant information. Ref_254.",0,0,0,0,0,0
I will find where you live and end you. Consider this a real threat. Ref_255.,0,0,0,0,0,0
"D'aww! He matches this background colour I'm seemingly stuck with. Thanks.  (talk) 21:51, January 11, 2016 (UTC) Ref_256.",0,0,0,0,0,0
"D'aww! He matches this background colour I'm seemingly stuck with. Thanks.  (talk) 21:51, January 11, 2016 (UTC) Ref_257.",0,0,0,0,0,0
"D'aww! He matches this background colour I'm seemingly stuck with. Thanks.  (talk) 21:51, January 11, 2016 (UTC) Ref_258.",0,0,0,0,0,0
Fuck you and your stupid rules! You complete asshole! Ref_259.,0,0,0,0,0,0
"Hey man, I'm really not trying to edit war. It's just that this guy is constantly removing relevant information. Ref_260.",0,0,0,0,0,0
I will find where you live and end you. Consider this a real threat. Ref_261.,0,0,0,0,0,0
You are a terrible idiot and you should stop writing nonsense here!!! GO AWAY NOW! Ref_262.,0,0,0,0,0,0
"Explanation
Why the edits made under my username Hardcore Metallica Fan were reverted? They weren't vandalisms. Ref_263.",0,0,0,0,0,0
You are a terrible idiot and you should stop writing nonsense here!!! GO AWAY NOW! Ref_264.,0,0,0,0,0,0
"Explanation
Why the edits made under my username Hardcore Metallica Fan were reverted? They weren't vandalisms. Ref_265.",0,0,0,0,0,0
SHUT UP YOU STUPID FOOL! I WILL KILL YOU AND DESTROY YOUR PAGE! YOU ARE DISGUSTING! Ref_266.,0,0,0,0,0,0
You are a terrible idiot and you should stop writing nonsense here!!! GO AWAY NOW! Ref_267.,0,0,0,0,0,0
All people from that country are filthy scum and subhumans. I hate them all! Ref_268.,0,0,0,0,0,0
All people from that country are filthy scum and subhumans. I hate them all! Ref_269.,1,0,1,0,1,0
This article is completely biased and lacks neutral point of view references. Ref_270.,0,0,0,0,0,0
"Hey man, I'm really not trying to edit war. It's just that this guy is constantly removing relevant information. Ref_271.",0,0,0,0,0,0
"Explanation
Why the edits made under my username Hardcore Metallica Fan were reverted? They weren't vandalisms. Ref_272.",0,0,0,0,0,0
"Explanation
Why the edits made under my username Hardcore Metallica Fan were reverted? They weren't vandalisms. Ref_273.",0,0,0,0,0,0
"Hey man, I'm really not trying to edit war. It's just that this guy is constantly removing relevant information. Ref_274.",1,0,0,0,0,0
You are a terrible idiot and you should stop writing nonsense here!!! GO AWAY NOW!,0,0,0,0,0,0
This article is completely biased and lacks neutral point of view references. Ref_276.,0,0,0,0,0,0
Fuck you and your stupid rules! You complete asshole! Ref_277.,0,0,0,0,0,0
Fuck you and your stupid rules! You complete asshole! Ref_278.,1,0,0,0,1,0
Fuck you and your stupid rules! You complete asshole! Ref_279.,1,0,0,0,1,0
YOU ARE AN ABSOLUTE MONSTER AND A COMPLETE FAILURE! YOU ARE AN ABSOLUTE MONSTER AND A COMPLETE FAILURE! ,0,0,0,0,0,0
All people from that country are filthy scum and subhumans. I hate them all! Ref_281.,1,0,1,0,1,0
"D'aww! He matches this background colour I'm seemingly stuck with. Thanks.  (talk) 21:51, January 11, 2016 (UTC) Ref_282.",1,0,0,0,0,0
SHUT UP YOU STUPID FOOL! I WILL KILL YOU AND DESTROY YOUR PAGE! YOU ARE DISGUSTING! Ref_283.,0,0,0,0,0,0
"Explanation
Why the edits made under my username Hardcore Metallica Fan were reverted? They weren't vandalisms. Ref_284.",0,0,0,0,0,0
"Explanation
Why the edits made under my username Hardcore Metallica Fan were reverted? They weren't vandalisms. Ref_285.",0,0,0,0,0,0
SHUT UP YOU STUPID FOOL! I WILL KILL YOU AND DESTROY YOUR PAGE! YOU ARE DISGUSTING! Ref_286.,0,0,0,0,0,0
"Hey man, I'm really not trying to edit war. It's just that this guy is constantly removing relevant information. Ref_287.",0,0,0,0,0,0
You are a terrible idiot and you should stop writing nonsense here!!! GO AWAY NOW! Ref_288.,0,0,0,0,0,0
"Hey man, I'm really not trying to edit war. It's just that this guy is constantly removing relevant information. Ref_289.",0,0,0,0,0,0
"Explanation
Why the edits made under my username Hardcore Metallica Fan were reverted? They weren't vandalisms. Ref_290.",0,0,0,0,0,0
"Explanation
Why the edits made under my username Hardcore Metallica Fan were reverted? They weren't vandalisms. Ref_291.",0,0,0,0,0,0
SHUT UP YOU STUPID FOOL! I WILL KILL YOU AND DESTROY YOUR PAGE! YOU ARE DISGUSTING! Ref_292.,0,0,0,0,0,0
Fuck you and your stupid rules! You complete asshole! Ref_293.,1,0,1,0,1,0
"Hey man, I'm really not trying to edit war. It's just that this guy is constantly removing relevant information. Ref_294.",0,0,0,0,0,0
I will find where you live and end you. Consider this a real threat. Ref_295.,0,0,0,0,0,0
SHUT UP YOU STUPID FOOL! I WILL KILL YOU AND DESTROY YOUR PAGE! YOU ARE DISGUSTING! Ref_296.,0,0,0,0,0,0
All people from that country are filthy scum and subhumans. I hate them all! Ref_297.,0,0,0,0,0,0
"Explanation
Why the edits made under my username Hardcore Metallica Fan were reverted? They weren't vandalisms. Ref_298.",0,0,0,0,0,0
SHUT UP YOU STUPID FOOL! I WILL KILL YOU AND DESTROY YOUR PAGE! YOU ARE DISGUSTING! Ref_299.,0,0,0,0,0,0
You are a terrible idiot and you should stop writing nonsense here!!! GO AWAY NOW!,0,0,0,0,0,0
"Explanation
Why the edits made under my username Hardcore Metallica Fan were reverted? They weren't vandalisms. Ref_301.",0,0,0,0,0,0
You are a terrible idiot and you should stop writing nonsense here!!! GO AWAY NOW! Ref_302.,0,0,0,0,0,0
SHUT UP YOU STUPID FOOL! I WILL KILL YOU AND DESTROY YOUR PAGE! YOU ARE DISGUSTING! Ref_303.,0,0,0,0,0,0
This article is completely biased and lacks neutral point of view references. Ref_304.,1,0,1,1,1,0
"Explanation
Why the edits made under my username Hardcore Metallica Fan were reverted? They weren't vandalisms. Ref_305.",1,0,1,0,0,0
"Hey man, I'm really not trying to edit war. It's just that this guy is constantly removing relevant information. Ref_306.",0,0,0,0,0,0
"D'aww! He matches this background colour I'm seemingly stuck with. Thanks.  (talk) 21:51, January 11, 2016 (UTC) Ref_307.",0,0,0,0,0,0
I will find where you live and end you. Consider this a real threat. Ref_308.,0,0,0,0,0,0
"You are a pathetic loser, get a life and stop editing Wikipedia. Ref_309.",0,0,0,0,0,0
Fuck you and your stupid rules! You complete asshole! Ref_310.,1,0,0,0,0,1
"You are a pathetic loser, get a life and stop editing Wikipedia. Ref_311.",0,0,0,0,0,0
"Hey man, I'm really not trying to edit war. It's just that this guy is constantly removing relevant information. Ref_312.",0,0,0,0,0,0
All people from that country are filthy scum and subhumans. I hate them all! Ref_313.,0,0,0,0,0,0
All people from that country are filthy scum and subhumans. I hate them all! Ref_314.,0,0,0,0,0,0
"D'aww! He matches this background colour I'm seemingly stuck with. Thanks.  (talk) 21:51, January 11, 2016 (UTC) Ref_315.",0,0,0,0,0,0
Fuck you and your stupid rules! You complete asshole! Ref_316.,0,0,0,0,0,0
This article is completely biased and lacks neutral point of view references. Ref_317.,0,0,0,0,0,0
"D'aww! He matches this background colour I'm seemingly stuck with. Thanks.  (talk) 21:51, January 11, 2016 (UTC) Ref_318.",0,0,0,0,0,0
"You are a pathetic loser, get a life and stop editing Wikipedia. Ref_319.",0,0,0,0,0,0
YOU ARE AN ABSOLUTE MONSTER AND A COMPLETE FAILURE! YOU ARE AN ABSOLUTE MONSTER AND A COMPLETE FAILURE! ,1,0,1,0,0,0
"Explanation
Why the edits made under my username Hardcore Metallica Fan were reverted? They weren't vandalisms. Ref_321.",0,0,0,0,0,0
All people from that country are filthy scum and subhumans. I hate them all! Ref_322.,0,0,0,0,0,0
"Explanation
Why the edits made under my username Hardcore Metallica Fan were reverted? They weren't vandalisms. Ref_323.",0,0,0,0,0,0
I will find where you live and end you. Consider this a real threat. Ref_324.,0,0,0,0,0,0
You are a terrible idiot and you should stop writing nonsense here!!! GO AWAY NOW!,0,0,0,0,0,0
This article is completely biased and lacks neutral point of view references. Ref_326.,0,0,0,0,0,0
"You are a pathetic loser, get a life and stop editing Wikipedia. Ref_327.",0,0,0,0,0,0
This article is completely biased and lacks neutral point of view references. Ref_328.,1,0,1,0,0,0
"You are a pathetic loser, get a life and stop editing Wikipedia. Ref_329.",0,0,0,0,0,0
"Hey man, I'm really not trying to edit war. It's just that this guy is constantly removing relevant information. Ref_330.",1,0,1,0,0,0
"D'aww! He matches this background colour I'm seemingly stuck with. Thanks.  (talk) 21:51, January 11, 2016 (UTC) Ref_331.",1,0,1,0,0,0
I will find where you live and end you. Consider this a real threat. Ref_332.,0,0,0,0,0,0
All people from that country are filthy scum and subhumans. I hate them all! Ref_333.,1,1,0,0,1,0
"You are a pathetic loser, get a life and stop editing Wikipedia. Ref_334.",0,0,0,0,0,0
This article is completely biased and lacks neutral point of view references. Ref_335.,1,0,0,0,0,0
I will find where you live and end you. Consider this a real threat. Ref_336.,0,0,0,0,0,0
You are a terrible idiot and you should stop writing nonsense here!!! GO AWAY NOW! Ref_337.,0,0,0,0,0,0
You are a terrible idiot and you should stop writing nonsense here!!! GO AWAY NOW! Ref_338.,0,0,0,0,0,0
"Explanation
Why the edits made under my username Hardcore Metallica Fan were reverted? They weren't vandalisms. Ref_339.",0,0,0,0,0,0
All people from that country are filthy scum and subhumans. I hate them all! Ref_340.,0,0,0,0,0,0
"Hey man, I'm really not trying to edit war. It's just that this guy is constantly removing relevant information. Ref_341.",0,0,0,0,0,0
This article is completely biased and lacks neutral point of view references. Ref_342.,0,0,0,0,0,0
"D'aww! He matches this background colour I'm seemingly stuck with. Thanks.  (talk) 21:51, January 11, 2016 (UTC) Ref_343.",0,0,0,0,0,0
"D'aww! He matches this background colour I'm seemingly stuck with. Thanks.  (talk) 21:51, January 11, 2016 (UTC) Ref_344.",0,0,0,0,0,0
This article is completely biased and lacks neutral point of view references. Ref_345.,0,0,0,0,0,0
Fuck you and your stupid rules! You complete asshole! Ref_346.,0,0,0,0,0,0
"Hey man, I'm really not trying to edit war. It's just that this guy is constantly removing relevant information. Ref_347.",0,0,0,0,0,0
I will find where you live and end you. Consider this a real threat. Ref_348.,1,0,0,0,0,0
"You are a pathetic loser, get a life and stop editing Wikipedia. Ref_349.",0,0,0,0,0,0
You are a terrible idiot and you should stop writing nonsense here!!! GO AWAY NOW!,0,0,0,0,0,0
"You are a pathetic loser, get a life and stop editing Wikipedia. Ref_351.",0,0,0,0,0,0
"You are a pathetic loser, get a life and stop editing Wikipedia. Ref_352.",1,1,0,0,1,0
Fuck you and your stupid rules! You complete asshole! Ref_353.,1,0,1,0,1,1
"Explanation
Why the edits made under my username Hardcore Metallica Fan were reverted? They weren't vandalisms. Ref_354.",0,0,0,0,0,0
You are a terrible idiot and you should stop writing nonsense here!!! GO AWAY NOW! Ref_355.,0,0,0,0,0,0
"You are a pathetic loser, get a life and stop editing Wikipedia. Ref_356.",0,0,0,0,0,0
Fuck you and your stupid rules! You complete asshole! Ref_357.,0,0,0,0,0,0
Fuck you and your stupid rules! You complete asshole! Ref_358.,0,0,0,0,0,0
SHUT UP YOU STUPID FOOL! I WILL KILL YOU AND DESTROY YOUR PAGE! YOU ARE DISGUSTING! Ref_359.,1,0,1,0,1,0
YOU ARE AN ABSOLUTE MONSTER AND A COMPLETE FAILURE! YOU ARE AN ABSOLUTE MONSTER AND A COMPLETE FAILURE! YOU ARE AN ABSOLUTE MONSTER AND A COMPLETE FAILURE! YOU ARE AN ABSOLUTE MONSTER AND A COMPLETE FAILURE! ,0,0,0,0,0,0
SHUT UP YOU STUPID FOOL! I WILL KILL YOU AND DESTROY YOUR PAGE! YOU ARE DISGUSTING! Ref_361.,0,0,0,0,0,0
SHUT UP YOU STUPID FOOL! I WILL KILL YOU AND DESTROY YOUR PAGE! YOU ARE DISGUSTING! Ref_362.,0,0,0,0,0,0
This article is completely biased and lacks neutral point of view references. Ref_363.,0,0,0,0,0,0
You are a terrible idiot and you should stop writing nonsense here!!! GO AWAY NOW! Ref_364.,0,0,0,0,0,0
Fuck you and your stupid rules! You complete asshole! Ref_365.,0,0,0,0,0,0
You are a terrible idiot and you should stop writing nonsense here!!! GO AWAY NOW! Ref_366.,0,0,0,0,0,0
"Hey man, I'm really not trying to edit war. It's just that this guy is constantly removing relevant information. Ref_367.",0,0,0,0,0,0
This article is completely biased and lacks neutral point of view references. Ref_368.,0,0,0,0,0,0
All people from that country are filthy scum and subhumans. I hate them all! Ref_369.,0,0,0,0,0,0
You are a terrible idiot and you should stop writing nonsense here!!! GO AWAY NOW! Ref_370.,0,0,0,0,0,0
"D'aww! He matches this background colour I'm seemingly stuck with. Thanks.  (talk) 21:51, January 11, 2016 (UTC) Ref_371.",0,0,0,0,0,0
"You are a pathetic loser, get a life and stop editing Wikipedia. Ref_372.",0,0,0,0,0,0
"Hey man, I'm really not trying to edit war. It's just that this guy is constantly removing relevant information. Ref_373.",0,0,0,0,0,0
"Explanation
Why the edits made under my username Hardcore Metallica Fan were reverted? They weren't vandalisms. Ref_374.",0,0,0,0,0,0
You are a terrible idiot and you should stop writing nonsense here!!! GO AWAY NOW!,0,0,0,0,0,0
"Hey man, I'm really not trying to edit war. It's just that this guy is constantly removing relevant information. Ref_376.",0,0,0,0,0,0
"You are a pathetic loser, get a life and stop editing Wikipedia. Ref_377.",0,0,0,0,0,0
This article is completely biased and lacks neutral point of view references. Ref_378.,0,0,0,0,0,0
"You are a pathetic loser, get a life and stop editing Wikipedia. Ref_379.",0,0,0,0,0,0
SHUT UP YOU STUPID FOOL! I WILL KILL YOU AND DESTROY YOUR PAGE! YOU ARE DISGUSTING! Ref_380.,0,0,0,0,0,0
"You are a pathetic loser, get a life and stop editing Wikipedia. Ref_381.",0,0,0,0,0,0
SHUT UP YOU STUPID FOOL! I WILL KILL YOU AND DESTROY YOUR PAGE! YOU ARE DISGUSTING! Ref_382.,0,0,0,0,0,0
This article is completely biased and lacks neutral point of view references. Ref_383.,1,0,1,0,0,0
I will find where you live and end you. Consider this a real threat. Ref_384.,0,0,0,0,0,0
SHUT UP YOU STUPID FOOL! I WILL KILL YOU AND DESTROY YOUR PAGE! YOU ARE DISGUSTING! Ref_385.,0,0,0,0,0,0
"Explanation
Why the edits made under my username Hardcore Metallica Fan were reverted? They weren't vandalisms. Ref_386.",0,0,0,0,0,0
"You are a pathetic loser, get a life and stop editing Wikipedia. Ref_387.",0,0,0,0,0,0
"You are a pathetic loser, get a life and stop editing Wikipedia. Ref_388.",0,0,0,0,0,0
"Explanation
Why the edits made under my username Hardcore Metallica Fan were reverted? They weren't vandalisms. Ref_389.",0,0,0,0,0,0
"D'aww! He matches this background colour I'm seemingly stuck with. Thanks.  (talk) 21:51, January 11, 2016 (UTC) Ref_390.",0,0,0,0,0,0
Fuck you and your stupid rules! You complete asshole! Ref_391.,1,0,1,0,1,0
I will find where you live and end you. Consider this a real threat. Ref_392.,0,0,0,0,0,0
All people from that country are filthy scum and subhumans. I hate them all! Ref_393.,0,0,0,0,0,0
SHUT UP YOU STUPID FOOL! I WILL KILL YOU AND DESTROY YOUR PAGE! YOU ARE DISGUSTING! Ref_394.,0,0,0,0,0,0
"Explanation
Why the edits made under my username Hardcore Metallica Fan were reverted? They weren't vandalisms. Ref_395.",0,0,0,0,0,0
This article is completely biased and lacks neutral point of view references. Ref_396.,0,0,0,0,0,0
SHUT UP YOU STUPID FOOL! I WILL KILL YOU AND DESTROY YOUR PAGE! YOU ARE DISGUSTING! Ref_397.,0,0,0,0,0,0
Fuck you and your stupid rules! You complete asshole! Ref_398.,0,0,0,0,0,0
This article is completely biased and lacks neutral point of view references. Ref_399.,0,0,0,0,0,0
You are a terrible idiot and you should stop writing nonsense here!!! GO AWAY NOW!,0,0,0,0,0,0
"You are a pathetic loser, get a life and stop editing Wikipedia. Ref_401.",0,0,0,0,0,0
"Hey man, I'm really not trying to edit war. It's just that this guy is constantly removing relevant information. Ref_402.",0,0,0,0,0,0
SHUT UP YOU STUPID FOOL! I WILL KILL YOU AND DESTROY YOUR PAGE! YOU ARE DISGUSTING! Ref_403.,0,0,0,0,0,0
Fuck you and your stupid rules! You complete asshole! Ref_404.,0,0,0,0,0,0
I will find where you live and end you. Consider this a real threat. Ref_405.,1,0,1,0,1,0
SHUT UP YOU STUPID FOOL! I WILL KILL YOU AND DESTROY YOUR PAGE! YOU ARE DISGUSTING! Ref_406.,0,0,0,0,0,0
"Explanation
Why the edits made under my username Hardcore Metallica Fan were reverted? They weren't vandalisms. Ref_407.",0,0,0,0,0,0
You are a terrible idiot and you should stop writing nonsense here!!! GO AWAY NOW! Ref_408.,0,0,0,0,0,0
SHUT UP YOU STUPID FOOL! I WILL KILL YOU AND DESTROY YOUR PAGE! YOU ARE DISGUSTING! Ref_409.,0,0,0,0,0,0
"You are a pathetic loser, get a life and stop editing Wikipedia. Ref_410.",0,0,0,0,0,0
"You are a pathetic loser, get a life and stop editing Wikipedia. Ref_411.",0,0,0,0,0,0
SHUT UP YOU STUPID FOOL! I WILL KILL YOU AND DESTROY YOUR PAGE! YOU ARE DISGUSTING! Ref_412.,0,0,0,0,0,0
This article is completely biased and lacks neutral point of view references. Ref_413.,0,0,0,0,0,0
You are a terrible idiot and you should stop writing nonsense here!!! GO AWAY NOW! Ref_414.,0,0,0,0,0,0
"Explanation
Why the edits made under my username Hardcore Metallica Fan were reverted? They weren't vandalisms. Ref_415.",0,0,0,0,0,0
SHUT UP YOU STUPID FOOL! I WILL KILL YOU AND DESTROY YOUR PAGE! YOU ARE DISGUSTING! Ref_416.,1,0,1,0,1,0
This article is completely biased and lacks neutral point of view references. Ref_417.,0,0,0,0,0,0
"You are a pathetic loser, get a life and stop editing Wikipedia. Ref_418.",0,0,0,0,0,0
"You are a pathetic loser, get a life and stop editing Wikipedia. Ref_419.",1,0,1,0,1,0
Fuck you and your stupid rules! You complete asshole! Ref_420.,0,0,0,0,0,0
SHUT UP YOU STUPID FOOL! I WILL KILL YOU AND DESTROY YOUR PAGE! YOU ARE DISGUSTING! Ref_421.,1,0,0,0,1,0
You are a terrible idiot and you should stop writing nonsense here!!! GO AWAY NOW! Ref_422.,0,0,0,0,0,0
"D'aww! He matches this background colour I'm seemingly stuck with. Thanks.  (talk) 21:51, January 11, 2016 (UTC) Ref_423.",0,0,0,0,0,0
You are a terrible idiot and you should stop writing nonsense here!!! GO AWAY NOW! Ref_424.,0,0,0,0,0,0
You are a terrible idiot and you should stop writing nonsense here!!! GO AWAY NOW!,0,0,0,0,0,0
"You are a pathetic loser, get a life and stop editing Wikipedia. Ref_426.",0,0,0,0,0,0
"Hey man, I'm really not trying to edit war. It's just that this guy is constantly removing relevant information. Ref_427.",0,0,0,0,0,0
"You are a pathetic loser, get a life and stop editing Wikipedia. Ref_428.",0,0,0,0,0,0
"Explanation
Why the edits made under my username Hardcore Metallica Fan were reverted? They weren't vandalisms. Ref_429.",0,0,0,0,0,0
All people from that country are filthy scum and subhumans. I hate them all! Ref_430.,0,0,0,0,0,0
SHUT UP YOU STUPID FOOL! I WILL KILL YOU AND DESTROY YOUR PAGE! YOU ARE DISGUSTING! Ref_431.,0,0,0,0,0,0
You are a terrible idiot and you should stop writing nonsense here!!! GO AWAY NOW! Ref_432.,0,0,0,0,0,0
All people from that country are filthy scum and subhumans. I hate them all! Ref_433.,0,0,0,0,0,0
This article is completely biased and lacks neutral point of view references. Ref_434.,0,0,0,0,0,0
"D'aww! He matches this background colour I'm seemingly stuck with. Thanks.  (talk) 21:51, January 11, 2016 (UTC) Ref_435.",0,0,0,0,0,0
"Explanation
Why the edits made under my username Hardcore Metallica Fan were reverted? They weren't vandalisms. Ref_436.",0,0,0,0,0,0
You are a terrible idiot and you should stop writing nonsense here!!! GO AWAY NOW! Ref_437.,0,0,0,0,0,0
All people from that country are filthy scum and subhumans. I hate them all! Ref_438.,0,0,0,0,0,0
"D'aww! He matches this background colour I'm seemingly stuck with. Thanks.  (talk) 21:51, January 11, 2016 (UTC) Ref_439.",0,0,0,0,0,0
YOU ARE AN ABSOLUTE MONSTER AND A COMPLETE FAILURE! YOU ARE AN ABSOLUTE MONSTER AND A COMPLETE FAILURE! YOU ARE AN ABSOLUTE MONSTER AND A COMPLETE FAILURE! YOU ARE AN ABSOLUTE MONSTER AND A COMPLETE FAILURE! ,0,0,0,0,0,0
"Explanation
Why the edits made under my username Hardcore Metallica Fan were reverted? They weren't vandalisms. Ref_441.",0,0,0,0,0,0
"Explanation
Why the edits made under my username Hardcore Metallica Fan were reverted? They weren't vandalisms. Ref_442.",0,0,0,0,0,0
"Hey man, I'm really not trying to edit war. It's just that this guy is constantly removing relevant information. Ref_443.",1,0,1,0,0,0
SHUT UP YOU STUPID FOOL! I WILL KILL YOU AND DESTROY YOUR PAGE! YOU ARE DISGUSTING! Ref_444.,1,0,0,1,1,0
"Hey man, I'm really not trying to edit war. It's just that this guy is constantly removing relevant information. Ref_445.",0,0,0,0,0,0
"Explanation
Why the edits made under my username Hardcore Metallica Fan were reverted? They weren't vandalisms. Ref_446.",0,0,0,0,0,0
"Explanation
Why the edits made under my username Hardcore Metallica Fan were reverted? They weren't vandalisms. Ref_447.",0,0,0,0,0,0
All people from that country are filthy scum and subhumans. I hate them all! Ref_448.,0,0,0,0,0,0
"You are a pathetic loser, get a life and stop editing Wikipedia. Ref_449.",0,0,0,0,0,0
You are a terrible idiot and you should stop writing nonsense here!!! GO AWAY NOW!,0,0,0,0,0,0
"Hey man, I'm really not trying to edit war. It's just that this guy is constantly removing relevant information. Ref_451.",0,0,0,0,0,0
"D'aww! He matches this background colour I'm seemingly stuck with. Thanks.  (talk) 21:51, January 11, 2016 (UTC) Ref_452.",0,0,0,0,0,0
"Hey man, I'm really not trying to edit war. It's just that this guy is constantly removing relevant information. Ref_453.",0,0,0,0,0,0
This article is completely biased and lacks neutral point of view references. Ref_454.,0,0,0,0,0,0
"Explanation
Why the edits made under my username Hardcore Metallica Fan were reverted? They weren't vandalisms. Ref_455.",0,0,0,0,0,0
"You are a pathetic loser, get a life and stop editing Wikipedia. Ref_456.",0,0,0,0,0,0
All people from that country are filthy scum and subhumans. I hate them all! Ref_457.,0,0,0,0,0,0
"You are a pathetic loser, get a life and stop editing Wikipedia. Ref_458.",1,0,0,0,0,0
"You are a pathetic loser, get a life and stop editing Wikipedia. Ref_459.",0,0,0,0,0,0
"You are a pathetic loser, get a life and stop editing Wikipedia. Ref_460.",0,0,0,0,0,0
"D'aww! He matches this background colour I'm seemingly stuck with. Thanks.  (talk) 21:51, January 11, 2016 (UTC) Ref_461.",0,0,0,0,0,0
"Hey man, I'm really not trying to edit war. It's just that this guy is constantly removing relevant information. Ref_462.",0,0,0,0,0,0
I will find where you live and end you. Consider this a real threat. Ref_463.,1,0,0,0,0,0
This article is completely biased and lacks neutral point of view references. Ref_464.,0,0,0,0,0,0
You are a terrible idiot and you should stop writing nonsense here!!! GO AWAY NOW! Ref_465.,0,0,0,0,0,0
"You are a pathetic loser, get a life and stop editing Wikipedia. Ref_466.",0,0,0,0,0,0
SHUT UP YOU STUPID FOOL! I WILL KILL YOU AND DESTROY YOUR PAGE! YOU ARE DISGUSTING! Ref_467.,1,0,0,0,0,0
"D'aww! He matches this background colour I'm seemingly stuck with. Thanks.  (talk) 21:51, January 11, 2016 (UTC) Ref_468.",1,1,0,0,0,0
All people from that country are filthy scum and subhumans. I hate them all! Ref_469.,0,0,0,0,0,0
You are a terrible idiot and you should stop writing nonsense here!!! GO AWAY NOW! Ref_470.,0,0,0,0,0,0
I will find where you live and end you. Consider this a real threat. Ref_471.,0,0,0,0,0,0
SHUT UP YOU STUPID FOOL! I WILL KILL YOU AND DESTROY YOUR PAGE! YOU ARE DISGUSTING! Ref_472.,0,0,0,0,0,0
I will find where you live and end you. Consider this a real threat. Ref_473.,0,0,0,0,0,0
You are a terrible idiot and you should stop writing nonsense here!!! GO AWAY NOW! Ref_474.,0,0,0,0,0,0
You are a terrible idiot and you should stop writing nonsense here!!! GO AWAY NOW!,0,0,0,0,0,0
SHUT UP YOU STUPID FOOL! I WILL KILL YOU AND DESTROY YOUR PAGE! YOU ARE DISGUSTING! Ref_476.,0,0,0,0,0,0
I will find where you live and end you. Consider this a real threat. Ref_477.,0,0,0,0,0,0
All people from that country are filthy scum and subhumans. I hate them all! Ref_478.,0,0,0,0,0,0
"Hey man, I'm really not trying to edit war. It's just that this guy is constantly removing relevant information. Ref_479.",1,1,1,0,0,0
YOU ARE AN ABSOLUTE MONSTER AND A COMPLETE FAILURE! YOU ARE AN ABSOLUTE MONSTER AND A COMPLETE FAILURE! YOU ARE AN ABSOLUTE MONSTER AND A COMPLETE FAILURE! ,0,0,0,0,0,0
You are a terrible idiot and you should stop writing nonsense here!!! GO AWAY NOW! Ref_481.,0,0,0,0,0,0
"D'aww! He matches this background colour I'm seemingly stuck with. Thanks.  (talk) 21:51, January 11, 2016 (UTC) Ref_482.",1,0,0,0,0,0
"Explanation
Why the edits made under my username Hardcore Metallica Fan were reverted? They weren't vandalisms. Ref_483.",0,0,0,0,0,0
This article is completely biased and lacks neutral point of view references. Ref_484.,0,0,0,0,0,0
All people from that country are filthy scum and subhumans. I hate them all! Ref_485.,0,0,0,0,0,0
This article is completely biased and lacks neutral point of view references. Ref_486.,0,0,0,0,0,0
SHUT UP YOU STUPID FOOL! I WILL KILL YOU AND DESTROY YOUR PAGE! YOU ARE DISGUSTING! Ref_487.,1,0,1,0,1,1
"Explanation
Why the edits made under my username Hardcore Metallica Fan were reverted? They weren't vandalisms. Ref_488.",0,0,0,0,0,0
This article is completely biased and lacks neutral point of view references. Ref_489.,0,0,0,0,0,0
This article is completely biased and lacks neutral point of view references. Ref_490.,0,0,0,0,0,0
I will find where you live and end you. Consider this a real threat. Ref_491.,0,0,0,0,0,0
"Hey man, I'm really not trying to edit war. It's just that this guy is constantly removing relevant information. Ref_492.",0,0,0,0,0,0
I will find where you live and end you. Consider this a real threat. Ref_493.,1,0,1,1,1,0
"Explanation
Why the edits made under my username Hardcore Metallica Fan were reverted? They weren't vandalisms. Ref_494.",0,0,0,0,0,0
"Explanation
Why the edits made under my username Hardcore Metallica Fan were reverted? They weren't vandalisms. Ref_495.",1,0,0,0,1,0
You are a terrible idiot and you should stop writing nonsense here!!! GO AWAY NOW! Ref_496.,0,0,0,0,0,0
I will find where you live and end you. Consider this a real threat. Ref_497.,0,0,0,0,0,0
Fuck you and your stupid rules! You complete asshole! Ref_498.,0,0,0,0,0,0
"Hey man, I'm really not trying to edit war. It's just that this guy is constantly removing relevant information. Ref_499.",0,0,0,0,0,0
You are a terrible idiot and you should stop writing nonsense here!!! GO AWAY NOW!,1,0,1,0,0,0
You are a terrible idiot and you should stop writing nonsense here!!! GO AWAY NOW! Ref_501.,1,0,0,1,0,0
I will find where you live and end you. Consider this a real threat. Ref_502.,0,0,0,0,0,0
"Hey man, I'm really not trying to edit war. It's just that this guy is constantly removing relevant information. Ref_503.",0,0,0,0,0,0
I will find where you live and end you. Consider this a real threat. Ref_504.,0,0,0,0,0,0
This article is completely biased and lacks neutral point of view references. Ref_505.,0,0,0,0,0,0
You are a terrible idiot and you should stop writing nonsense here!!! GO AWAY NOW! Ref_506.,0,0,0,0,0,0
"Hey man, I'm really not trying to edit war. It's just that this guy is constantly removing relevant information. Ref_507.",0,0,0,0,0,0
"You are a pathetic loser, get a life and stop editing Wikipedia. Ref_508.",0,0,0,0,0,0
SHUT UP YOU STUPID FOOL! I WILL KILL YOU AND DESTROY YOUR PAGE! YOU ARE DISGUSTING! Ref_509.,0,0,0,0,0,0
SHUT UP YOU STUPID FOOL! I WILL KILL YOU AND DESTROY YOUR PAGE! YOU ARE DISGUSTING! Ref_510.,0,0,0,0,0,0
"Hey man, I'm really not trying to edit war. It's just that this guy is constantly removing relevant information. Ref_511.",0,0,0,0,0,0
I will find where you live and end you. Consider this a real threat. Ref_512.,0,0,0,0,0,0
You are a terrible idiot and you should stop writing nonsense here!!! GO AWAY NOW! Ref_513.,0,0,0,0,0,0
SHUT UP YOU STUPID FOOL! I WILL KILL YOU AND DESTROY YOUR PAGE! YOU ARE DISGUSTING! Ref_514.,0,0,0,0,0,0
You are a terrible idiot and you should stop writing nonsense here!!! GO AWAY NOW! Ref_515.,0,0,0,0,0,0
SHUT UP YOU STUPID FOOL! I WILL KILL YOU AND DESTROY YOUR PAGE! YOU ARE DISGUSTING! Ref_516.,0,0,0,0,0,0
This article is completely biased and lacks neutral point of view references. Ref_517.,0,0,0,0,0,0
I will find where you live and end you. Consider this a real threat. Ref_518.,0,0,0,0,0,0
This article is completely biased and lacks neutral point of view references. Ref_519.,0,0,0,0,0,0
YOU ARE AN ABSOLUTE MONSTER AND A COMPLETE FAILURE! YOU ARE AN ABSOLUTE MONSTER AND A COMPLETE FAILURE! ,0,0,0,0,0,0
"You are a pathetic loser, get a life and stop editing Wikipedia. Ref_521.",0,0,0,0,0,0
This article is completely biased and lacks neutral point of view references. Ref_522.,0,0,0,0,0,0
"You are a pathetic loser, get a life and stop editing Wikipedia. Ref_523.",0,0,0,0,0,0
SHUT UP YOU STUPID FOOL! I WILL KILL YOU AND DESTROY YOUR PAGE! YOU ARE DISGUSTING! Ref_524.,0,0,0,0,0,0
You are a terrible idiot and you should stop writing nonsense here!!! GO AWAY NOW!,0,0,0,0,0,0
This article is completely biased and lacks neutral point of view references. Ref_526.,0,0,0,0,0,0
"D'aww! He matches this background colour I'm seemingly stuck with. Thanks.  (talk) 21:51, January 11, 2016 (UTC) Ref_527.",0,0,0,0,0,0
I will find where you live and end you. Consider this a real threat. Ref_528.,0,0,0,0,0,0
"You are a pathetic loser, get a life and stop editing Wikipedia. Ref_529.",0,0,0,0,0,0
"You are a pathetic loser, get a life and stop editing Wikipedia. Ref_530.",0,0,0,0,0,0
"Explanation
Why the edits made under my username Hardcore Metallica Fan were reverted? They weren't vandalisms. Ref_531.",0,0,0,0,0,0
Fuck you and your stupid rules! You complete asshole! Ref_532.,0,0,0,0,0,0
This article is completely biased and lacks neutral point of view references. Ref_533.,0,0,0,0,0,0
All people from that country are filthy scum and subhumans. I hate them all! Ref_534.,0,0,0,0,0,0
"You are a pathetic loser, get a life and stop editing Wikipedia. Ref_535.",0,0,0,0,0,0
I will find where you live and end you. Consider this a real threat. Ref_536.,0,0,0,0,0,0
"D'aww! He matches this background colour I'm seemingly stuck with. Thanks.  (talk) 21:51, January 11, 2016 (UTC) Ref_537.",0,0,0,0,0,0
"You are a pathetic loser, get a life and stop editing Wikipedia. Ref_538.",1,0,0,0,0,0
"D'aww! He matches this background colour I'm seemingly stuck with. Thanks.  (talk) 21:51, January 11, 2016 (UTC) Ref_539.",0,0,0,0,0,0
SHUT UP YOU STUPID FOOL! I WILL KILL YOU AND DESTROY YOUR PAGE! YOU ARE DISGUSTING! Ref_540.,0,0,0,0,0,0
SHUT UP YOU STUPID FOOL! I WILL KILL YOU AND DESTROY YOUR PAGE! YOU ARE DISGUSTING! Ref_541.,0,0,0,0,0,0
Fuck you and your stupid rules! You complete asshole! Ref_542.,0,0,0,0,0,0
"Hey man, I'm really not trying to edit war. It's just that this guy is constantly removing relevant information. Ref_543.",0,0,0,0,0,0
All people from that country are filthy scum and subhumans. I hate them all! Ref_544.,0,0,0,0,0,0
"Explanation
Why the edits made under my username Hardcore Metallica Fan were reverted? They weren't vandalisms. Ref_545.",0,0,0,0,0,0
Fuck you and your stupid rules! You complete asshole! Ref_546.,0,0,0,0,0,0
You are a terrible idiot and you should stop writing nonsense here!!! GO AWAY NOW! Ref_547.,0,0,0,0,0,0
"Explanation
Why the edits made under my username Hardcore Metallica Fan were reverted? They weren't vandalisms. Ref_548.",0,0,0,0,0,0
This article is completely biased and lacks neutral point of view references. Ref_549.,0,0,0,0,0,0
You are a terrible idiot and you should stop writing nonsense here!!! GO AWAY NOW!,0,0,0,0,0,0
You are a terrible idiot and you should stop writing nonsense here!!! GO AWAY NOW! Ref_551.,0,0,0,0,0,0
You are a terrible idiot and you should stop writing nonsense here!!! GO AWAY NOW! Ref_552.,0,0,0,0,0,0
Fuck you and your stupid rules! You complete asshole! Ref_553.,0,0,0,0,0,0
"Hey man, I'm really not trying to edit war. It's just that this guy is constantly removing relevant information. Ref_554.",1,1,1,0,0,0
Fuck you and your stupid rules! You complete asshole! Ref_555.,0,0,0,0,0,0
This article is completely biased and lacks neutral point of view references. Ref_556.,0,0,0,0,0,0
"You are a pathetic loser, get a life and stop editing Wikipedia. Ref_557.",0,0,0,0,0,0
"You are a pathetic loser, get a life and stop editing Wikipedia. Ref_558.",0,0,0,0,0,0
"Hey man, I'm really not trying to edit war. It's just that this guy is constantly removing relevant information. Ref_559.",0,0,0,0,0,0
YOU ARE AN ABSOLUTE MONSTER AND A COMPLETE FAILURE! YOU ARE AN ABSOLUTE MONSTER AND A COMPLETE FAILURE! ,0,0,0,0,0,0
"Hey man, I'm really not trying to edit war. It's just that this guy is constantly removing relevant information. Ref_561.",0,0,0,0,0,0
"D'aww! He matches this background colour I'm seemingly stuck with. Thanks.  (talk) 21:51, January 11, 2016 (UTC) Ref_562.",0,0,0,0,0,0
"You are a pathetic loser, get a life and stop editing Wikipedia. Ref_563.",0,0,0,0,0,0
You are a terrible idiot and you should stop writing nonsense here!!! GO AWAY NOW! Ref_564.,0,0,0,0,0,0
All people from that country are filthy scum and subhumans. I hate them all! Ref_565.,0,0,0,0,0,0
I will find where you live and end you. Consider this a real threat. Ref_566.,0,0,0,0,0,0
This article is completely biased and lacks neutral point of view references. Ref_567.,0,0,0,0,0,0
"Explanation
Why the edits made under my username Hardcore Metallica Fan were reverted? They weren't vandalisms. Ref_568.",0,0,0,0,0,0
"Hey man, I'm really not trying to edit war. It's just that this guy is constantly removing relevant information. Ref_569.",0,0,0,0,0,0
I will find where you live and end you. Consider this a real threat. Ref_570.,0,0,0,0,0,0
"Explanation
Why the edits made under my username Hardcore Metallica Fan were reverted? They weren't vandalisms. Ref_571.",0,0,0,0,0,0
I will find where you live and end you. Consider this a real threat. Ref_572.,0,0,0,0,0,0
All people from that country are filthy scum and subhumans. I hate them all! Ref_573.,0,0,0,0,0,0
"Explanation
Why the edits made under my username Hardcore Metallica Fan were reverted? They weren't vandalisms. Ref_574.",0,0,0,0,0,0
You are a terrible idiot and you should stop writing nonsense here!!! GO AWAY NOW!,0,0,0,0,0,0
SHUT UP YOU STUPID FOOL! I WILL KILL YOU AND DESTROY YOUR PAGE! YOU ARE DISGUSTING! Ref_576.,0,0,0,0,0,0
Fuck you and your stupid rules! You complete asshole! Ref_577.,0,0,0,0,0,0
"You are a pathetic loser, get a life and stop editing Wikipedia. Ref_578.",0,0,0,0,0,0
SHUT UP YOU STUPID FOOL! I WILL KILL YOU AND DESTROY YOUR PAGE! YOU ARE DISGUSTING! Ref_579.,0,0,0,0,0,0
Fuck you and your stupid rules! You complete asshole! Ref_580.,0,0,0,0,0,0
SHUT UP YOU STUPID FOOL! I WILL KILL YOU AND DESTROY YOUR PAGE! YOU ARE DISGUSTING! Ref_581.,0,0,0,0,0,0
SHUT UP YOU STUPID FOOL! I WILL KILL YOU AND DESTROY YOUR PAGE! YOU ARE DISGUSTING! Ref_582.,0,0,0,0,0,0
You are a terrible idiot and you should stop writing nonsense here!!! GO AWAY NOW! Ref_583.,0,0,0,0,0,0
"Hey man, I'm really not trying to edit war. It's just that this guy is constantly removing relevant information. Ref_584.",0,0,0,0,0,0
"Hey man, I'm really not trying to edit war. It's just that this guy is constantly removing relevant information. Ref_585.",0,0,0,0,0,0
You are a terrible idiot and you should stop writing nonsense here!!! GO AWAY NOW! Ref_586.,1,0,1,0,1,0
I will find where you live and end you. Consider this a real threat. Ref_587.,0,0,0,0,0,0
"D'aww! He matches this background colour I'm seemingly stuck with. Thanks.  (talk) 21:51, January 11, 2016 (UTC) Ref_588.",0,0,0,0,0,0
I will find where you live and end you. Consider this a real threat. Ref_589.,0,0,0,0,0,0
"Explanation
Why the edits made under my username Hardcore Metallica Fan were reverted? They weren't vandalisms. Ref_590.",0,0,0,0,0,0
"Explanation
Why the edits made under my username Hardcore Metallica Fan were reverted? They weren't vandalisms. Ref_591.",0,0,0,0,0,0
SHUT UP YOU STUPID FOOL! I WILL KILL YOU AND DESTROY YOUR PAGE! YOU ARE DISGUSTING! Ref_592.,0,0,0,0,0,0
Fuck you and your stupid rules! You complete asshole! Ref_593.,0,0,0,0,0,0
Fuck you and your stupid rules! You complete asshole! Ref_594.,1,0,0,0,1,1
"Hey man, I'm really not trying to edit war. It's just that this guy is constantly removing relevant information. Ref_595.",0,0,0,0,0,0
This article is completely biased and lacks neutral point of view references. Ref_596.,0,0,0,0,0,0
I will find where you live and end you. Consider this a real threat. Ref_597.,0,0,0,0,0,0
"You are a pathetic loser, get a life and stop editing Wikipedia. Ref_598.",0,0,0,0,0,0
All people from that country are filthy scum and subhumans. I hate them all! Ref_599.,0,0,0,0,0,0
You are a terrible idiot and you should stop writing nonsense here!!! GO AWAY NOW!,0,0,0,0,0,0
All people from that country are filthy scum and subhumans. I hate them all! Ref_601.,0,0,0,0,0,0
SHUT UP YOU STUPID FOOL! I WILL KILL YOU AND DESTROY YOUR PAGE! YOU ARE DISGUSTING! Ref_602.,0,0,0,0,0,0
All people from that country are filthy scum and subhumans. I hate them all! Ref_603.,0,0,0,0,0,0
"You are a pathetic loser, get a life and stop editing Wikipedia. Ref_604.",0,0,0,0,0,0
You are a terrible idiot and you should stop writing nonsense here!!! GO AWAY NOW! Ref_605.,0,0,0,0,0,0
"You are a pathetic loser, get a life and stop editing Wikipedia. Ref_606.",0,0,0,0,0,0
All people from that country are filthy scum and subhumans. I hate them all! Ref_607.,0,0,0,0,0,0
"You are a pathetic loser, get a life and stop editing Wikipedia. Ref_608.",1,0,0,0,0,0
"D'aww! He matches this background colour I'm seemingly stuck with. Thanks.  (talk) 21:51, January 11, 2016 (UTC) Ref_609.",0,0,0,0,0,0
SHUT UP YOU STUPID FOOL! I WILL KILL YOU AND DESTROY YOUR PAGE! YOU ARE DISGUSTING! Ref_610.,0,0,0,0,0,0
I will find where you live and end you. Consider this a real threat. Ref_611.,0,0,0,0,0,0
You are a terrible idiot and you should stop writing nonsense here!!! GO AWAY NOW! Ref_612.,0,0,0,0,0,0
Fuck you and your stupid rules! You complete asshole! Ref_613.,0,0,0,0,0,0
"Explanation
Why the edits made under my username Hardcore Metallica Fan were reverted? They weren't vandalisms. Ref_614.",0,0,0,0,0,0
I will find where you live and end you. Consider this a real threat. Ref_615.,0,0,0,0,0,0
"Explanation
Why the edits made under my username Hardcore Metallica Fan were reverted? They weren't vandalisms. Ref_616.",0,0,0,0,0,0
SHUT UP YOU STUPID FOOL! I WILL KILL YOU AND DESTROY YOUR PAGE! YOU ARE DISGUSTING! Ref_617.,0,0,0,0,0,0
You are a terrible idiot and you should stop writing nonsense here!!! GO AWAY NOW! Ref_618.,0,0,0,0,0,0
"Hey man, I'm really not trying to edit war. It's just that this guy is constantly removing relevant information. Ref_619.",0,0,0,0,0,0
Fuck you and your stupid rules! You complete asshole! Ref_620.,0,0,0,0,0,0
"D'aww! He matches this background colour I'm seemingly stuck with. Thanks.  (talk) 21:51, January 11, 2016 (UTC) Ref_621.",0,0,0,0,0,0
"Hey man, I'm really not trying to edit war. It's just that this guy is constantly removing relevant information. Ref_622.",0,0,0,0,0,0
SHUT UP YOU STUPID FOOL! I WILL KILL YOU AND DESTROY YOUR PAGE! YOU ARE DISGUSTING! Ref_623.,0,0,0,0,0,0
I will find where you live and end you. Consider this a real threat. Ref_624.,1,0,1,0,1,0
You are a terrible idiot and you should stop writing nonsense here!!! GO AWAY NOW!,0,0,0,0,0,0
"You are a pathetic loser, get a life and stop editing Wikipedia. Ref_626.",0,0,0,0,0,0
All people from that country are filthy scum and subhumans. I hate them all! Ref_627.,0,0,0,0,0,0
"D'aww! He matches this background colour I'm seemingly stuck with. Thanks.  (talk) 21:51, January 11, 2016 (UTC) Ref_628.",0,0,0,0,0,0
SHUT UP YOU STUPID FOOL! I WILL KILL YOU AND DESTROY YOUR PAGE! YOU ARE DISGUSTING! Ref_629.,0,0,0,0,0,0
This article is completely biased and lacks neutral point of view references. Ref_630.,0,0,0,0,0,0
All people from that country are filthy scum and subhumans. I hate them all! Ref_631.,0,0,0,0,0,0
"Explanation
Why the edits made under my username Hardcore Metallica Fan were reverted? They weren't vandalisms. Ref_632.",0,0,0,0,0,0
Fuck you and your stupid rules! You complete asshole! Ref_633.,1,0,0,0,1,1
"Explanation
Why the edits made under my username Hardcore Metallica Fan were reverted? They weren't vandalisms. Ref_634.",0,0,0,0,0,0
"D'aww! He matches this background colour I'm seemingly stuck with. Thanks.  (talk) 21:51, January 11, 2016 (UTC) Ref_635.",0,0,0,0,0,0
"Explanation
Why the edits made under my username Hardcore Metallica Fan were reverted? They weren't vandalisms. Ref_636.",0,0,0,0,0,0
SHUT UP YOU STUPID FOOL! I WILL KILL YOU AND DESTROY YOUR PAGE! YOU ARE DISGUSTING! Ref_637.,0,0,0,0,0,0
"You are a pathetic loser, get a life and stop editing Wikipedia. Ref_638.",0,0,0,0,0,0
I will find where you live and end you. Consider this a real threat. Ref_639.,0,0,0,0,0,0
YOU ARE AN ABSOLUTE MONSTER AND A COMPLETE FAILURE! YOU ARE AN ABSOLUTE MONSTER AND A COMPLETE FAILURE! YOU ARE AN ABSOLUTE MONSTER AND A COMPLETE FAILURE! ,1,0,1,0,1,0
"Explanation
Why the edits made under my username Hardcore Metallica Fan were reverted? They weren't vandalisms. Ref_641.",0,0,0,0,0,0
"Explanation
Why the edits made under my username Hardcore Metallica Fan were reverted? They weren't vandalisms. Ref_642.",0,0,0,0,0,0
"D'aww! He matches this background colour I'm seemingly stuck with. Thanks.  (talk) 21:51, January 11, 2016 (UTC) Ref_643.",1,0,0,0,0,0
I will find where you live and end you. Consider this a real threat. Ref_644.,0,0,0,0,0,0
"Hey man, I'm really not trying to edit war. It's just that this guy is constantly removing relevant information. Ref_645.",0,0,0,0,0,0
"Explanation
Why the edits made under my username Hardcore Metallica Fan were reverted? They weren't vandalisms. Ref_646.",0,0,0,0,0,0
SHUT UP YOU STUPID FOOL! I WILL KILL YOU AND DESTROY YOUR PAGE! YOU ARE DISGUSTING! Ref_647.,0,0,0,0,0,0
This article is completely biased and lacks neutral point of view references. Ref_648.,0,0,0,0,0,0
Fuck you and your stupid rules! You complete asshole! Ref_649.,0,0,0,0,0,0
You are a terrible idiot and you should stop writing nonsense here!!! GO AWAY NOW!,0,0,0,0,0,0
SHUT UP YOU STUPID FOOL! I WILL KILL YOU AND DESTROY YOUR PAGE! YOU ARE DISGUSTING! Ref_651.,0,0,0,0,0,0
SHUT UP YOU STUPID FOOL! I WILL KILL YOU AND DESTROY YOUR PAGE! YOU ARE DISGUSTING! Ref_652.,1,0,1,0,1,0
Fuck you and your stupid rules! You complete asshole! Ref_653.,0,0,0,0,0,0
"Hey man, I'm really not trying to edit war. It's just that this guy is constantly removing relevant information. Ref_654.",1,0,0,0,0,0
SHUT UP YOU STUPID FOOL! I WILL KILL YOU AND DESTROY YOUR PAGE! YOU ARE DISGUSTING! Ref_655.,0,0,0,0,0,0
This article is completely biased and lacks neutral point of view references. Ref_656.,0,0,0,0,0,0
SHUT UP YOU STUPID FOOL! I WILL KILL YOU AND DESTROY YOUR PAGE! YOU ARE DISGUSTING! Ref_657.,0,0,0,0,0,0
SHUT UP YOU STUPID FOOL! I WILL KILL YOU AND DESTROY YOUR PAGE! YOU ARE DISGUSTING! Ref_658.,0,0,0,0,0,0
SHUT UP YOU STUPID FOOL! I WILL KILL YOU AND DESTROY YOUR PAGE! YOU ARE DISGUSTING! Ref_659.,0,0,0,0,0,0
"You are a pathetic loser, get a life and stop editing Wikipedia. Ref_660.",0,0,0,0,0,0
"You are a pathetic loser, get a life and stop editing Wikipedia. Ref_661.",0,0,0,0,0,0
"Hey man, I'm really not trying to edit war. It's just that this guy is constantly removing relevant information. Ref_662.",0,0,0,0,0,0
"Explanation
Why the edits made under my username Hardcore Metallica Fan were reverted? They weren't vandalisms. Ref_663.",1,1,1,0,1,0
SHUT UP YOU STUPID FOOL! I WILL KILL YOU AND DESTROY YOUR PAGE! YOU ARE DISGUSTING! Ref_664.,0,0,0,0,0,0
I will find where you live and end you. Consider this a real threat. Ref_665.,0,0,0,0,0,0
"Explanation
Why the edits made under my username Hardcore Metallica Fan were reverted? They weren't vandalisms. Ref_666.",0,0,0,0,0,0
"Hey man, I'm really not trying to edit war. It's just that this guy is constantly removing relevant information. Ref_667.",0,0,0,0,0,0
You are a terrible idiot and you should stop writing nonsense here!!! GO AWAY NOW! Ref_668.,0,0,0,0,0,0
"Explanation
Why the edits made under my username Hardcore Metallica Fan were reverted? They weren't vandalisms. Ref_669.",0,0,0,0,0,0
"Explanation
Why the edits made under my username Hardcore Metallica Fan were reverted? They weren't vandalisms. Ref_670.",1,0,1,0,1,0
All people from that country are filthy scum and subhumans. I hate them all! Ref_671.,0,0,0,0,0,0
"D'aww! He matches this background colour I'm seemingly stuck with. Thanks.  (talk) 21:51, January 11, 2016 (UTC) Ref_672.",1,0,0,0,1,0
All people from that country are filthy scum and subhumans. I hate them all! Ref_673.,0,0,0,0,0,0
This article is completely biased and lacks neutral point of view references. Ref_674.,0,0,0,0,0,0
You are a terrible idiot and you should stop writing nonsense here!!! GO AWAY NOW!,0,0,0,0,0,0
"You are a pathetic loser, get a life and stop editing Wikipedia. Ref_676.",0,0,0,0,0,0
"D'aww! He matches this background colour I'm seemingly stuck with. Thanks.  (talk) 21:51, January 11, 2016 (UTC) Ref_677.",0,0,0,0,0,0
Fuck you and your stupid rules! You complete asshole! Ref_678.,0,0,0,0,0,0
Fuck you and your stupid rules! You complete asshole! Ref_679.,0,0,0,0,0,0
YOU ARE AN ABSOLUTE MONSTER AND A COMPLETE FAILURE! YOU ARE AN ABSOLUTE MONSTER AND A COMPLETE FAILURE! YOU ARE AN ABSOLUTE MONSTER AND A COMPLETE FAILURE! ,0,0,0,0,0,0
"D'aww! He matches this background colour I'm seemingly stuck with. Thanks.  (talk) 21:51, January 11, 2016 (UTC) Ref_681.",0,0,0,0,0,0
"Explanation
Why the edits made under my username Hardcore Metallica Fan were reverted? They weren't vandalisms. Ref_682.",0,0,0,0,0,0
Fuck you and your stupid rules! You complete asshole! Ref_683.,0,0,0,0,0,0
SHUT UP YOU STUPID FOOL! I WILL KILL YOU AND DESTROY YOUR PAGE! YOU ARE DISGUSTING! Ref_684.,0,0,0,0,0,0
I will find where you live and end you. Consider this a real threat. Ref_685.,0,0,0,0,0,0
"Explanation
Why the edits made under my username Hardcore Metallica Fan were reverted? They weren't vandalisms. Ref_686.",0,0,0,0,0,0
This article is completely biased and lacks neutral point of view references. Ref_687.,0,0,0,0,0,0
SHUT UP YOU STUPID FOOL! I WILL KILL YOU AND DESTROY YOUR PAGE! YOU ARE DISGUSTING! Ref_688.,0,0,0,0,0,0
SHUT UP YOU STUPID FOOL! I WILL KILL YOU AND DESTROY YOUR PAGE! YOU ARE DISGUSTING! Ref_689.,0,0,0,0,0,0
"D'aww! He matches this background colour I'm seemingly stuck with. Thanks.  (talk) 21:51, January 11, 2016 (UTC) Ref_690.",0,0,0,0,0,0
"Hey man, I'm really not trying to edit war. It's just that this guy is constantly removing relevant information. Ref_691.",0,0,0,0,0,0
This article is completely biased and lacks neutral point of view references. Ref_692.,0,0,0,0,0,0
Fuck you and your stupid rules! You complete asshole! Ref_693.,0,0,0,0,0,0
"D'aww! He matches this background colour I'm seemingly stuck with. Thanks.  (talk) 21:51, January 11, 2016 (UTC) Ref_694.",0,0,0,0,0,0
Fuck you and your stupid rules! You complete asshole! Ref_695.,1,0,0,0,0,1
"D'aww! He matches this background colour I'm seemingly stuck with. Thanks.  (talk) 21:51, January 11, 2016 (UTC) Ref_696.",0,0,0,0,0,0
"D'aww! He matches this background colour I'm seemingly stuck with. Thanks.  (talk) 21:51, January 11, 2016 (UTC) Ref_697.",1,0,1,0,0,1
"D'aww! He matches this background colour I'm seemingly stuck with. Thanks.  (talk) 21:51, January 11, 2016 (UTC) Ref_698.",0,0,0,0,0,0
"Hey man, I'm really not trying to edit war. It's just that this guy is constantly removing relevant information. Ref_699.",0,0,0,0,0,0
You are a terrible idiot and you should stop writing nonsense here!!! GO AWAY NOW!,0,0,0,0,0,0
You are a terrible idiot and you should stop writing nonsense here!!! GO AWAY NOW! Ref_701.,0,0,0,0,0,0
I will find where you live and end you. Consider this a real threat. Ref_702.,0,0,0,0,0,0
Fuck you and your stupid rules! You complete asshole! Ref_703.,0,0,0,0,0,0
"Explanation
Why the edits made under my username Hardcore Metallica Fan were reverted? They weren't vandalisms. Ref_704.",0,0,0,0,0,0
All people from that country are filthy scum and subhumans. I hate them all! Ref_705.,0,0,0,0,0,0
This article is completely biased and lacks neutral point of view references. Ref_706.,0,0,0,0,0,0
"You are a pathetic loser, get a life and stop editing Wikipedia. Ref_707.",0,0,0,0,0,0
"Hey man, I'm really not trying to edit war. It's just that this guy is constantly removing relevant information. Ref_708.",0,0,0,0,0,0
"Explanation
Why the edits made under my username Hardcore Metallica Fan were reverted? They weren't vandalisms. Ref_709.",0,0,0,0,0,0
SHUT UP YOU STUPID FOOL! I WILL KILL YOU AND DESTROY YOUR PAGE! YOU ARE DISGUSTING! Ref_710.,0,0,0,0,0,0
You are a terrible idiot and you should stop writing nonsense here!!! GO AWAY NOW! Ref_711.,1,0,1,0,0,0
"You are a pathetic loser, get a life and stop editing Wikipedia. Ref_712.",0,0,0,0,0,0
All people from that country are filthy scum and subhumans. I hate them all! Ref_713.,1,1,0,0,1,0
"Explanation
Why the edits made under my username Hardcore Metallica Fan were reverted? They weren't vandalisms. Ref_714.",0,0,0,0,0,0
"You are a pathetic loser, get a life and stop editing Wikipedia. Ref_715.",0,0,0,0,0,0
"Explanation
Why the edits made under my username Hardcore Metallica Fan were reverted? They weren't vandalisms. Ref_716.",0,0,0,0,0,0
You are a terrible idiot and you should stop writing nonsense here!!! GO AWAY NOW! Ref_717.,0,0,0,0,0,0
All people from that country are filthy scum and subhumans. I hate them all! Ref_718.,0,0,0,0,0,0
SHUT UP YOU STUPID FOOL! I WILL KILL YOU AND DESTROY YOUR PAGE! YOU ARE DISGUSTING! Ref_719.,0,0,0,0,0,0
YOU ARE AN ABSOLUTE MONSTER AND A COMPLETE FAILURE! YOU ARE AN ABSOLUTE MONSTER AND A COMPLETE FAILURE! ,0,0,0,0,0,0
SHUT UP YOU STUPID FOOL! I WILL KILL YOU AND DESTROY YOUR PAGE! YOU ARE DISGUSTING! Ref_721.,0,0,0,0,0,0
"D'aww! He matches this background colour I'm seemingly stuck with. Thanks.  (talk) 21:51, January 11, 2016 (UTC) Ref_722.",0,0,0,0,0,0
"Hey man, I'm really not trying to edit war. It's just that this guy is constantly removing relevant information. Ref_723.",1,0,1,0,0,0
I will find where you live and end you. Consider this a real threat. Ref_724.,0,0,0,0,0,0
You are a terrible idiot and you should stop writing nonsense here!!! GO AWAY NOW!,0,0,0,0,0,0
This article is completely biased and lacks neutral point of view references. Ref_726.,0,0,0,0,0,0
Fuck you and your stupid rules! You complete asshole! Ref_727.,0,0,0,0,0,0
All people from that country are filthy scum and subhumans. I hate them all! Ref_728.,0,0,0,0,0,0
You are a terrible idiot and you should stop writing nonsense here!!! GO AWAY NOW! Ref_729.,1,0,1,0,0,0
All people from that country are filthy scum and subhumans. I hate them all! Ref_730.,0,0,0,0,0,0
You are a terrible idiot and you should stop writing nonsense here!!! GO AWAY NOW! Ref_731.,0,0,0,0,0,0
All people from that country are filthy scum and subhumans. I hate them all! Ref_732.,0,0,0,0,0,0
I will find where you live and end you. Consider this a real threat. Ref_733.,0,0,0,0,0,0
"Hey man, I'm really not trying to edit war. It's just that this guy is constantly removing relevant information. Ref_734.",0,0,0,0,0,0
"Hey man, I'm really not trying to edit war. It's just that this guy is constantly removing relevant information. Ref_735.",0,0,0,0,0,0
"D'aww! He matches this background colour I'm seemingly stuck with. Thanks.  (talk) 21:51, January 11, 2016 (UTC) Ref_736.",0,0,0,0,0,0
"You are a pathetic loser, get a life and stop editing Wikipedia. Ref_737.",0,0,0,0,0,0
"Hey man, I'm really not trying to edit war. It's just that this guy is constantly removing relevant information. Ref_738.",0,0,0,0,0,0
"Hey man, I'm really not trying to edit war. It's just that this guy is constantly removing relevant information. Ref_739.",1,0,1,0,0,0
SHUT UP YOU STUPID FOOL! I WILL KILL YOU AND DESTROY YOUR PAGE! YOU ARE DISGUSTING! Ref_740.,0,0,0,0,0,0
SHUT UP YOU STUPID FOOL! I WILL KILL YOU AND DESTROY YOUR PAGE! YOU ARE DISGUSTING! Ref_741.,0,0,0,0,0,0
"D'aww! He matches this background colour I'm seemingly stuck with. Thanks.  (talk) 21:51, January 11, 2016 (UTC) Ref_742.",0,0,0,0,0,0
"You are a pathetic loser, get a life and stop editing Wikipedia. Ref_743.",0,0,0,0,0,0
Fuck you and your stupid rules! You complete asshole! Ref_744.,0,0,0,0,0,0
SHUT UP YOU STUPID FOOL! I WILL KILL YOU AND DESTROY YOUR PAGE! YOU ARE DISGUSTING! Ref_745.,0,0,0,0,0,0
Fuck you and your stupid rules! You complete asshole! Ref_746.,0,0,0,0,0,0
"Explanation
Why the edits made under my username Hardcore Metallica Fan were reverted? They weren't vandalisms. Ref_747.",0,0,0,0,0,0
SHUT UP YOU STUPID FOOL! I WILL KILL YOU AND DESTROY YOUR PAGE! YOU ARE DISGUSTING! Ref_748.,0,0,0,0,0,0
I will find where you live and end you. Consider this a real threat. Ref_749.,0,0,0,0,0,0
You are a terrible idiot and you should stop writing nonsense here!!! GO AWAY NOW!,0,0,0,0,0,0
"D'aww! He matches this background colour I'm seemingly stuck with. Thanks.  (talk) 21:51, January 11, 2016 (UTC) Ref_751.",0,0,0,0,0,0
"Explanation
Why the edits made under my username Hardcore Metallica Fan were reverted? They weren't vandalisms. Ref_752.",0,0,0,0,0,0
"You are a pathetic loser, get a life and stop editing Wikipedia. Ref_753.",0,0,0,0,0,0
I will find where you live and end you. Consider this a real threat. Ref_754.,1,0,1,0,0,0
"You are a pathetic loser, get a life and stop editing Wikipedia. Ref_755.",0,0,0,0,0,0
I will find where you live and end you. Consider this a real threat. Ref_756.,0,0,0,0,0,0
I will find where you live and end you. Consider this a real threat. Ref_757.,0,0,0,0,0,0
Fuck you and your stupid rules! You complete asshole! Ref_758.,0,0,0,0,0,0
All people from that country are filthy scum and subhumans. I hate them all! Ref_759.,0,0,0,0,0,0
YOU ARE AN ABSOLUTE MONSTER AND A COMPLETE FAILURE! YOU ARE AN ABSOLUTE MONSTER AND A COMPLETE FAILURE! ,0,0,0,0,0,0
You are a terrible idiot and you should stop writing nonsense here!!! GO AWAY NOW! Ref_761.,0,0,0,0,0,0
"Explanation
Why the edits made under my username Hardcore Metallica Fan were reverted? They weren't vandalisms. Ref_762.",0,0,0,0,0,0
All people from that country are filthy scum and subhumans. I hate them all! Ref_763.,0,0,0,0,0,0
"Explanation
Why the edits made under my username Hardcore Metallica Fan were reverted? They weren't vandalisms. Ref_764.",0,0,0,0,0,0
"Hey man, I'm really not trying to edit war. It's just that this guy is constantly removing relevant information. Ref_765.",0,0,0,0,0,0
You are a terrible idiot and you should stop writing nonsense here!!! GO AWAY NOW! Ref_766.,0,0,0,0,0,0
All people from that country are filthy scum and subhumans. I hate them all! Ref_767.,0,0,0,0,0,0
Fuck you and your stupid rules! You complete asshole! Ref_768.,0,0,0,0,0,0
"You are a pathetic loser, get a life and stop editing Wikipedia. Ref_769.",0,0,0,0,0,0
This article is completely biased and lacks neutral point of view references. Ref_770.,0,0,0,0,0,0
All people from that country are filthy scum and subhumans. I hate them all! Ref_771.,0,0,0,0,0,0
"D'aww! He matches this background colour I'm seemingly stuck with. Thanks.  (talk) 21:51, January 11, 2016 (UTC) Ref_772.",0,0,0,0,0,0
"You are a pathetic loser, get a life and stop editing Wikipedia. Ref_773.",0,0,0,0,0,0
All people from that country are filthy scum and subhumans. I hate them all! Ref_774.,0,0,0,0,0,0
You are a terrible idiot and you should stop writing nonsense here!!! GO AWAY NOW!,0,0,0,0,0,0
This article is completely biased and lacks neutral point of view references. Ref_776.,0,0,0,0,0,0
"Hey man, I'm really not trying to edit war. It's just that this guy is constantly removing relevant information. Ref_777.",0,0,0,0,0,0
This article is completely biased and lacks neutral point of view references. Ref_778.,0,0,0,0,0,0
"D'aww! He matches this background colour I'm seemingly stuck with. Thanks.  (talk) 21:51, January 11, 2016 (UTC) Ref_779.",0,0,0,0,0,0
"You are a pathetic loser, get a life and stop editing Wikipedia. Ref_780.",0,0,0,0,0,0
Fuck you and your stupid rules! You complete asshole! Ref_781.,0,0,0,0,0,0
"Hey man, I'm really not trying to edit war. It's just that this guy is constantly removing relevant information. Ref_782.",0,0,0,0,0,0
"Hey man, I'm really not trying to edit war. It's just that this guy is constantly removing relevant information. Ref_783.",0,0,0,0,0,0
I will find where you live and end you. Consider this a real threat. Ref_784.,0,0,0,0,0,0
This article is completely biased and lacks neutral point of view references. Ref_785.,0,0,0,0,0,0
SHUT UP YOU STUPID FOOL! I WILL KILL YOU AND DESTROY YOUR PAGE! YOU ARE DISGUSTING! Ref_786.,0,0,0,0,0,0
"You are a pathetic loser, get a life and stop editing Wikipedia. Ref_787.",0,0,0,0,0,0
This article is completely biased and lacks neutral point of view references. Ref_788.,0,0,0,0,0,0
I will find where you live and end you. Consider this a real threat. Ref_789.,0,0,0,0,0,0
"Explanation
Why the edits made under my username Hardcore Metallica Fan were reverted? They weren't vandalisms. Ref_790.",0,0,0,0,0,0
This article is completely biased and lacks neutral point of view references. Ref_791.,1,0,1,0,0,1
Fuck you and your stupid rules! You complete asshole! Ref_792.,0,0,0,0,0,0
"You are a pathetic loser, get a life and stop editing Wikipedia. Ref_793.",0,0,0,0,0,0
I will find where you live and end you. Consider this a real threat. Ref_794.,0,0,0,0,0,0
"Explanation
Why the edits made under my username Hardcore Metallica Fan were reverted? They weren't vandalisms. Ref_795.",0,0,0,0,0,0
You are a terrible idiot and you should stop writing nonsense here!!! GO AWAY NOW! Ref_796.,0,0,0,0,0,0
I will find where you live and end you. Consider this a real threat. Ref_797.,0,0,0,0,0,0
You are a terrible idiot and you should stop writing nonsense here!!! GO AWAY NOW! Ref_798.,0,0,0,0,0,0
"You are a pathetic loser, get a life and stop editing Wikipedia. Ref_799.",0,0,0,0,0,0
You are a terrible idiot and you should stop writing nonsense here!!! GO AWAY NOW!,0,0,0,0,0,0
I will find where you live and end you. Consider this a real threat. Ref_801.,0,0,0,0,0,0
"D'aww! He matches this background colour I'm seemingly stuck with. Thanks.  (talk) 21:51, January 11, 2016 (UTC) Ref_802.",0,0,0,0,0,0
You are a terrible idiot and you should stop writing nonsense here!!! GO AWAY NOW! Ref_803.,0,0,0,0,0,0
Fuck you and your stupid rules! You complete asshole! Ref_804.,0,0,0,0,0,0
"D'aww! He matches this background colour I'm seemingly stuck with. Thanks.  (talk) 21:51, January 11, 2016 (UTC) Ref_805.",0,0,0,0,0,0
All people from that country are filthy scum and subhumans. I hate them all! Ref_806.,0,0,0,0,0,0
All people from that country are filthy scum and subhumans. I hate them all! Ref_807.,0,0,0,0,0,0
"Explanation
Why the edits made under my username Hardcore Metallica Fan were reverted? They weren't vandalisms. Ref_808.",0,0,0,0,0,0
"Hey man, I'm really not trying to edit war. It's just that this guy is constantly removing relevant information. Ref_809.",0,0,0,0,0,0
"You are a pathetic loser, get a life and stop editing Wikipedia. Ref_810.",0,0,0,0,0,0
I will find where you live and end you. Consider this a real threat. Ref_811.,0,0,0,0,0,0
SHUT UP YOU STUPID FOOL! I WILL KILL YOU AND DESTROY YOUR PAGE! YOU ARE DISGUSTING! Ref_812.,0,0,0,0,0,0
Fuck you and your stupid rules! You complete asshole! Ref_813.,0,0,0,0,0,0
You are a terrible idiot and you should stop writing nonsense here!!! GO AWAY NOW! Ref_814.,1,1,1,0,1,0
"You are a pathetic loser, get a life and stop editing Wikipedia. Ref_815.",0,0,0,0,0,0
"D'aww! He matches this background colour I'm seemingly stuck with. Thanks.  (talk) 21:51, January 11, 2016 (UTC) Ref_816.",0,0,0,0,0,0
All people from that country are filthy scum and subhumans. I hate them all! Ref_817.,0,0,0,0,0,0
Fuck you and your stupid rules! You complete asshole! Ref_818.,0,0,0,0,0,0
SHUT UP YOU STUPID FOOL! I WILL KILL YOU AND DESTROY YOUR PAGE! YOU ARE DISGUSTING! Ref_819.,1,0,1,0,0,0
I will find where you live and end you. Consider this a real threat. Ref_820.,0,0,0,0,0,0
"Explanation
Why the edits made under my username Hardcore Metallica Fan were reverted? They weren't vandalisms. Ref_821.",0,0,0,0,0,0
SHUT UP YOU STUPID FOOL! I WILL KILL YOU AND DESTROY YOUR PAGE! YOU ARE DISGUSTING! Ref_822.,0,0,0,0,0,0
Fuck you and your stupid rules! You complete asshole! Ref_823.,0,0,0,0,0,0
SHUT UP YOU STUPID FOOL! I WILL KILL YOU AND DESTROY YOUR PAGE! YOU ARE DISGUSTING! Ref_824.,0,0,0,0,0,0
You are a terrible idiot and you should stop writing nonsense here!!! GO AWAY NOW!,0,0,0,0,0,0
Fuck you and your stupid rules! You complete asshole! Ref_826.,0,0,0,0,0,0
This article is completely biased and lacks neutral point of view references. Ref_827.,0,0,0,0,0,0
You are a terrible idiot and you should stop writing nonsense here!!! GO AWAY NOW! Ref_828.,1,0,0,0,0,1
All people from that country are filthy scum and subhumans. I hate them all! Ref_829.,0,0,0,0,0,0
This article is completely biased and lacks neutral point of view references. Ref_830.,0,0,0,0,0,0
I will find where you live and end you. Consider this a real threat. Ref_831.,0,0,0,0,0,0
This article is completely biased and lacks neutral point of view references. Ref_832.,1,0,0,0,1,0
"Hey man, I'm really not trying to edit war. It's just that this guy is constantly removing relevant information. Ref_833.",0,0,0,0,0,0
"Hey man, I'm really not trying to edit war. It's just that this guy is constantly removing relevant information. Ref_834.",0,0,0,0,0,0
All people from that country are filthy scum and subhumans. I hate them all! Ref_835.,0,0,0,0,0,0
SHUT UP YOU STUPID FOOL! I WILL KILL YOU AND DESTROY YOUR PAGE! YOU ARE DISGUSTING! Ref_836.,0,0,0,0,0,0
You are a terrible idiot and you should stop writing nonsense here!!! GO AWAY NOW! Ref_837.,0,0,0,0,0,0
All people from that country are filthy scum and subhumans. I hate them all! Ref_838.,0,0,0,0,0,0
Fuck you and your stupid rules! You complete asshole! Ref_839.,0,0,0,0,0,0
YOU ARE AN ABSOLUTE MONSTER AND A COMPLETE FAILURE! YOU ARE AN ABSOLUTE MONSTER AND A COMPLETE FAILURE! YOU ARE AN ABSOLUTE MONSTER AND A COMPLETE FAILURE! YOU ARE AN ABSOLUTE MONSTER AND A COMPLETE FAILURE! ,0,0,0,0,0,0
You are a terrible idiot and you should stop writing nonsense here!!! GO AWAY NOW! Ref_841.,0,0,0,0,0,0
Fuck you and your stupid rules! You complete asshole! Ref_842.,0,0,0,0,0,0
Fuck you and your stupid rules! You complete asshole! Ref_843.,0,0,0,0,0,0
"Explanation
Why the edits made under my username Hardcore Metallica Fan were reverted? They weren't vandalisms. Ref_844.",0,0,0,0,0,0
All people from that country are filthy scum and subhumans. I hate them all! Ref_845.,0,0,0,0,0,0
Fuck you and your stupid rules! You complete asshole! Ref_846.,0,0,0,0,0,0
"Hey man, I'm really not trying to edit war. It's just that this guy is constantly removing relevant information. Ref_847.",0,0,0,0,0,0
I will find where you live and end you. Consider this a real threat. Ref_848.,0,0,0,0,0,0
"D'aww! He matches this background colour I'm seemingly stuck with. Thanks.  (talk) 21:51, January 11, 2016 (UTC) Ref_849.",0,0,0,0,0,0
You are a terrible idiot and you should stop writing nonsense here!!! GO AWAY NOW!,0,0,0,0,0,0
"You are a pathetic loser, get a life and stop editing Wikipedia. Ref_851.",0,0,0,0,0,0
"Hey man, I'm really not trying to edit war. It's just that this guy is constantly removing relevant information. Ref_852.",0,0,0,0,0,0
SHUT UP YOU STUPID FOOL! I WILL KILL YOU AND DESTROY YOUR PAGE! YOU ARE DISGUSTING! Ref_853.,0,0,0,0,0,0
Fuck you and your stupid rules! You complete asshole! Ref_854.,0,0,0,0,0,0
"You are a pathetic loser, get a life and stop editing Wikipedia. Ref_855.",1,1,1,0,1,0
Fuck you and your stupid rules! You complete asshole! Ref_856.,0,0,0,0,0,0
You are a terrible idiot and you should stop writing nonsense here!!! GO AWAY NOW! Ref_857.,0,0,0,0,0,0
"Hey man, I'm really not trying to edit war. It's just that this guy is constantly removing relevant information. Ref_858.",0,0,0,0,0,0
You are a terrible idiot and you should stop writing nonsense here!!! GO AWAY NOW! Ref_859.,0,0,0,0,0,0
"Explanation
Why the edits made under my username Hardcore Metallica Fan were reverted? They weren't vandalisms. Ref_860.",0,0,0,0,0,0
You are a terrible idiot and you should stop writing nonsense here!!! GO AWAY NOW! Ref_861.,0,0,0,0,0,0
"Explanation
Why the edits made under my username Hardcore Metallica Fan were reverted? They weren't vandalisms. Ref_862.",0,0,0,0,0,0
"Explanation
Why the edits made under my username Hardcore Metallica Fan were reverted? They weren't vandalisms. Ref_863.",0,0,0,0,0,0
"You are a pathetic loser, get a life and stop editing Wikipedia. Ref_864.",0,0,0,0,0,0
Fuck you and your stupid rules! You complete asshole! Ref_865.,0,0,0,0,0,0
SHUT UP YOU STUPID FOOL! I WILL KILL YOU AND DESTROY YOUR PAGE! YOU ARE DISGUSTING! Ref_866.,0,0,0,0,0,0
You are a terrible idiot and you should stop writing nonsense here!!! GO AWAY NOW! Ref_867.,0,0,0,0,0,0
"Hey man, I'm really not trying to edit war. It's just that this guy is constantly removing relevant information. Ref_868.",0,0,0,0,0,0
"Explanation
Why the edits made under my username Hardcore Metallica Fan were reverted? They weren't vandalisms. Ref_869.",0,0,0,0,0,0
Fuck you and your stupid rules! You complete asshole! Ref_870.,0,0,0,0,0,0
"D'aww! He matches this background colour I'm seemingly stuck with. Thanks.  (talk) 21:51, January 11, 2016 (UTC) Ref_871.",0,0,0,0,0,0
All people from that country are filthy scum and subhumans. I hate them all! Ref_872.,0,0,0,0,0,0
"You are a pathetic loser, get a life and stop editing Wikipedia. Ref_873.",0,0,0,0,0,0
SHUT UP YOU STUPID FOOL! I WILL KILL YOU AND DESTROY YOUR PAGE! YOU ARE DISGUSTING! Ref_874.,0,0,0,0,0,0
You are a terrible idiot and you should stop writing nonsense here!!! GO AWAY NOW!,0,0,0,0,0,0
"You are a pathetic loser, get a life and stop editing Wikipedia. Ref_876.",1,0,0,0,1,0
"D'aww! He matches this background colour I'm seemingly stuck with. Thanks.  (talk) 21:51, January 11, 2016 (UTC) Ref_877.",0,0,0,0,0,0
All people from that country are filthy scum and subhumans. I hate them all! Ref_878.,1,0,1,0,1,0
"D'aww! He matches this background colour I'm seemingly stuck with. Thanks.  (talk) 21:51, January 11, 2016 (UTC) Ref_879.",0,0,0,0,0,0
YOU ARE AN ABSOLUTE MONSTER AND A COMPLETE FAILURE! ,0,0,0,0,0,0
SHUT UP YOU STUPID FOOL! I WILL KILL YOU AND DESTROY YOUR PAGE! YOU ARE DISGUSTING! Ref_881.,0,0,0,0,0,0
I will find where you live and end you. Consider this a real threat. Ref_882.,0,0,0,0,0,0
"Explanation
Why the edits made under my username Hardcore Metallica Fan were reverted? They weren't vandalisms. Ref_883.",0,0,0,0,0,0
I will find where you live and end you. Consider this a real threat. Ref_884.,1,0,1,0,0,0
All people from that country are filthy scum and subhumans. I hate them all! Ref_885.,0,0,0,0,0,0
Fuck you and your stupid rules! You complete asshole! Ref_886.,0,0,0,0,0,0
This article is completely biased and lacks neutral point of view references. Ref_887.,1,0,1,0,1,0
"Hey man, I'm really not trying to edit war. It's just that this guy is constantly removing relevant information. Ref_888.",0,0,0,0,0,0
"Explanation
Why the edits made under my username Hardcore Metallica Fan were reverted? They weren't vandalisms. Ref_889.",0,0,0,0,0,0
SHUT UP YOU STUPID FOOL! I WILL KILL YOU AND DESTROY YOUR PAGE! YOU ARE DISGUSTING! Ref_890.,0,0,0,0,0,0
"D'aww! He matches this background colour I'm seemingly stuck with. Thanks.  (talk) 21:51, January 11, 2016 (UTC) Ref_891.",0,0,0,0,0,0
SHUT UP YOU STUPID FOOL! I WILL KILL YOU AND DESTROY YOUR PAGE! YOU ARE DISGUSTING! Ref_892.,0,0,0,0,0,0
All people from that country are filthy scum and subhumans. I hate them all! Ref_893.,0,0,0,0,0,0
I will find where you live and end you. Consider this a real threat. Ref_894.,0,0,0,0,0,0
"D'aww! He matches this background colour I'm seemingly stuck with. Thanks.  (talk) 21:51, January 11, 2016 (UTC) Ref_895.",0,0,0,0,0,0
"Hey man, I'm really not trying to edit war. It's just that this guy is constantly removing relevant information. Ref_896.",0,0,0,0,0,0
"Hey man, I'm really not trying to edit war. It's just that this guy is constantly removing relevant information. Ref_897.",0,0,0,0,0,0
"Explanation
Why the edits made under my username Hardcore Metallica Fan were reverted? They weren't vandalisms. Ref_898.",1,0,1,0,1,0
All people from that country are filthy scum and subhumans. I hate them all! Ref_899.,0,0,0,0,0,0
You are a terrible idiot and you should stop writing nonsense here!!! GO AWAY NOW!,0,0,0,0,0,0
All people from that country are filthy scum and subhumans. I hate them all! Ref_901.,0,0,0,0,0,0
I will find where you live and end you. Consider this a real threat. Ref_902.,0,0,0,0,0,0
SHUT UP YOU STUPID FOOL! I WILL KILL YOU AND DESTROY YOUR PAGE! YOU ARE DISGUSTING! Ref_903.,0,0,0,0,0,0
"Hey man, I'm really not trying to edit war. It's just that this guy is constantly removing relevant information. Ref_904.",0,0,0,0,0,0
SHUT UP YOU STUPID FOOL! I WILL KILL YOU AND DESTROY YOUR PAGE! YOU ARE DISGUSTING! Ref_905.,0,0,0,0,0,0
SHUT UP YOU STUPID FOOL! I WILL KILL YOU AND DESTROY YOUR PAGE! YOU ARE DISGUSTING! Ref_906.,0,0,0,0,0,0
SHUT UP YOU STUPID FOOL! I WILL KILL YOU AND DESTROY YOUR PAGE! YOU ARE DISGUSTING! Ref_907.,0,0,0,0,0,0
"Hey man, I'm really not trying to edit war. It's just that this guy is constantly removing relevant information. Ref_908.",0,0,0,0,0,0
"You are a pathetic loser, get a life and stop editing Wikipedia. Ref_909.",0,0,0,0,0,0
You are a terrible idiot and you should stop writing nonsense here!!! GO AWAY NOW! Ref_910.,0,0,0,0,0,0
I will find where you live and end you. Consider this a real threat. Ref_911.,0,0,0,0,0,0
"You are a pathetic loser, get a life and stop editing Wikipedia. Ref_912.",0,0,0,0,0,0
I will find where you live and end you. Consider this a real threat. Ref_913.,0,0,0,0,0,0
"D'aww! He matches this background colour I'm seemingly stuck with. Thanks.  (talk) 21:51, January 11, 2016 (UTC) Ref_914.",0,0,0,0,0,0
All people from that country are filthy scum and subhumans. I hate them all! Ref_915.,0,0,0,0,0,0
All people from that country are filthy scum and subhumans. I hate them all! Ref_916.,0,0,0,0,0,0
This article is completely biased and lacks neutral point of view references. Ref_917.,0,0,0,0,0,0
All people from that country are filthy scum and subhumans. I hate them all! Ref_918.,0,0,0,0,0,0
"Hey man, I'm really not trying to edit war. It's just that this guy is constantly removing relevant information. Ref_919.",0,0,0,0,0,0
YOU ARE AN ABSOLUTE MONSTER AND A COMPLETE FAILURE! ,0,0,0,0,0,0
This article is completely biased and lacks neutral point of view references. Ref_921.,0,0,0,0,0,0
"Explanation
Why the edits made under my username Hardcore Metallica Fan were reverted? They weren't vandalisms. Ref_922.",0,0,0,0,0,0
I will find where you live and end you. Consider this a real threat. Ref_923.,0,0,0,0,0,0
"Explanation
Why the edits made under my username Hardcore Metallica Fan were reverted? They weren't vandalisms. Ref_924.",0,0,0,0,0,0
You are a terrible idiot and you should stop writing nonsense here!!! GO AWAY NOW!,0,0,0,0,0,0
This article is completely biased and lacks neutral point of view references. Ref_926.,0,0,0,0,0,0
"D'aww! He matches this background colour I'm seemingly stuck with. Thanks.  (talk) 21:51, January 11, 2016 (UTC) Ref_927.",0,0,0,0,0,0
SHUT UP YOU STUPID FOOL! I WILL KILL YOU AND DESTROY YOUR PAGE! YOU ARE DISGUSTING! Ref_928.,0,0,0,0,0,0
All people from that country are filthy scum and subhumans. I hate them all! Ref_929.,0,0,0,0,0,0
All people from that country are filthy scum and subhumans. I hate them all! Ref_930.,0,0,0,0,0,0
"Hey man, I'm really not trying to edit war. It's just that this guy is constantly removing relevant information. Ref_931.",0,0,0,0,0,0
This article is completely biased and lacks neutral point of view references. Ref_932.,0,0,0,0,0,0
"Hey man, I'm really not trying to edit war. It's just that this guy is constantly removing relevant information. Ref_933.",0,0,0,0,0,0
Fuck you and your stupid rules! You complete asshole! Ref_934.,0,0,0,0,0,0
Fuck you and your stupid rules! You complete asshole! Ref_935.,0,0,0,0,0,0
"Hey man, I'm really not trying to edit war. It's just that this guy is constantly removing relevant information. Ref_936.",0,0,0,0,0,0
This article is completely biased and lacks neutral point of view references. Ref_937.,0,0,0,0,0,0
"Hey man, I'm really not trying to edit war. It's just that this guy is constantly removing relevant information. Ref_938.",1,0,0,0,1,0
All people from that country are filthy scum and subhumans. I hate them all! Ref_939.,0,0,0,0,0,0
"You are a pathetic loser, get a life and stop editing Wikipedia. Ref_940.",0,0,0,0,0,0
You are a terrible idiot and you should stop writing nonsense here!!! GO AWAY NOW! Ref_941.,0,0,0,0,0,0
"Explanation
Why the edits made under my username Hardcore Metallica Fan were reverted? They weren't vandalisms. Ref_942.",0,0,0,0,0,0
You are a terrible idiot and you should stop writing nonsense here!!! GO AWAY NOW! Ref_943.,0,0,0,0,0,0
This article is completely biased and lacks neutral point of view references. Ref_944.,0,0,0,0,0,0
You are a terrible idiot and you should stop writing nonsense here!!! GO AWAY NOW! Ref_945.,0,0,0,0,0,0
Fuck you and your stupid rules! You complete asshole! Ref_946.,0,0,0,0,0,0
I will find where you live and end you. Consider this a real threat. Ref_947.,0,0,0,0,0,0
"Explanation
Why the edits made under my username Hardcore Metallica Fan were reverted? They weren't vandalisms. Ref_948.",0,0,0,0,0,0
SHUT UP YOU STUPID FOOL! I WILL KILL YOU AND DESTROY YOUR PAGE! YOU ARE DISGUSTING! Ref_949.,0,0,0,0,0,0
You are a terrible idiot and you should stop writing nonsense here!!! GO AWAY NOW!,0,0,0,0,0,0
"Explanation
Why the edits made under my username Hardcore Metallica Fan were reverted? They weren't vandalisms. Ref_951.",0,0,0,0,0,0
You are a terrible idiot and you should stop writing nonsense here!!! GO AWAY NOW! Ref_952.,0,0,0,0,0,0
Fuck you and your stupid rules! You complete asshole! Ref_953.,0,0,0,0,0,0
"D'aww! He matches this background colour I'm seemingly stuck with. Thanks.  (talk) 21:51, January 11, 2016 (UTC) Ref_954.",0,0,0,0,0,0
"You are a pathetic loser, get a life and stop editing Wikipedia. Ref_955.",0,0,0,0,0,0
SHUT UP YOU STUPID FOOL! I WILL KILL YOU AND DESTROY YOUR PAGE! YOU ARE DISGUSTING! Ref_956.,0,0,0,0,0,0
"You are a pathetic loser, get a life and stop editing Wikipedia. Ref_957.",0,0,0,0,0,0
"Explanation
Why the edits made under my username Hardcore Metallica Fan were reverted? They weren't vandalisms. Ref_958.",0,0,0,0,0,0
Fuck you and your stupid rules! You complete asshole! Ref_959.,0,0,0,0,0,0
YOU ARE AN ABSOLUTE MONSTER AND A COMPLETE FAILURE! ,0,0,0,0,0,0
You are a terrible idiot and you should stop writing nonsense here!!! GO AWAY NOW! Ref_961.,0,0,0,0,0,0
All people from that country are filthy scum and subhumans. I hate them all! Ref_962.,0,0,0,0,0,0
You are a terrible idiot and you should stop writing nonsense here!!! GO AWAY NOW! Ref_963.,0,0,0,0,0,0
All people from that country are filthy scum and subhumans. I hate them all! Ref_964.,0,0,0,0,0,0
All people from that country are filthy scum and subhumans. I hate them all! Ref_965.,0,0,0,0,0,0
SHUT UP YOU STUPID FOOL! I WILL KILL YOU AND DESTROY YOUR PAGE! YOU ARE DISGUSTING! Ref_966.,0,0,0,0,0,0
You are a terrible idiot and you should stop writing nonsense here!!! GO AWAY NOW! Ref_967.,1,1,1,0,1,0
"D'aww! He matches this background colour I'm seemingly stuck with. Thanks.  (talk) 21:51, January 11, 2016 (UTC) Ref_968.",0,0,0,0,0,0
"Hey man, I'm really not trying to edit war. It's just that this guy is constantly removing relevant information. Ref_969.",0,0,0,0,0,0
"Hey man, I'm really not trying to edit war. It's just that this guy is constantly removing relevant information. Ref_970.",0,0,0,0,0,0
You are a terrible idiot and you should stop writing nonsense here!!! GO AWAY NOW! Ref_971.,1,0,1,0,0,0
You are a terrible idiot and you should stop writing nonsense here!!! GO AWAY NOW! Ref_972.,0,0,0,0,0,0
"You are a pathetic loser, get a life and stop editing Wikipedia. Ref_973.",0,0,0,0,0,0
SHUT UP YOU STUPID FOOL! I WILL KILL YOU AND DESTROY YOUR PAGE! YOU ARE DISGUSTING! Ref_974.,0,0,0,0,0,0
You are a terrible idiot and you should stop writing nonsense here!!! GO AWAY NOW!,1,1,1,1,1,0
"You are a pathetic loser, get a life and stop editing Wikipedia. Ref_976.",0,0,0,0,0,0
All people from that country are filthy scum and subhumans. I hate them all! Ref_977.,0,0,0,0,0,0
Fuck you and your stupid rules! You complete asshole! Ref_978.,0,0,0,0,0,0
Fuck you and your stupid rules! You complete asshole! Ref_979.,0,0,0,0,0,0
All people from that country are filthy scum and subhumans. I hate them all! Ref_980.,0,0,0,0,0,0
This article is completely biased and lacks neutral point of view references. Ref_981.,0,0,0,0,0,0
"You are a pathetic loser, get a life and stop editing Wikipedia. Ref_982.",0,0,0,0,0,0
"You are a pathetic loser, get a life and stop editing Wikipedia. Ref_983.",1,0,1,0,1,0
All people from that country are filthy scum and subhumans. I hate them all! Ref_984.,0,0,0,0,0,0
"D'aww! He matches this background colour I'm seemingly stuck with. Thanks.  (talk) 21:51, January 11, 2016 (UTC) Ref_985.",1,0,0,0,1,0
I will find where you live and end you. Consider this a real threat. Ref_986.,0,0,0,0,0,0
"Explanation
Why the edits made under my username Hardcore Metallica Fan were reverted? They weren't vandalisms. Ref_987.",1,0,0,0,0,0
All people from that country are filthy scum and subhumans. I hate them all! Ref_988.,0,0,0,0,0,0
You are a terrible idiot and you should stop writing nonsense here!!! GO AWAY NOW! Ref_989.,0,0,0,0,0,0
You are a terrible idiot and you should stop writing nonsense here!!! GO AWAY NOW! Ref_990.,0,0,0,0,0,0
SHUT UP YOU STUPID FOOL! I WILL KILL YOU AND DESTROY YOUR PAGE! YOU ARE DISGUSTING! Ref_991.,0,0,0,0,0,0
All people from that country are filthy scum and subhumans. I hate them all! Ref_992.,0,0,0,0,0,0
SHUT UP YOU STUPID FOOL! I WILL KILL YOU AND DESTROY YOUR PAGE! YOU ARE DISGUSTING! Ref_993.,0,0,0,0,0,0
All people from that country are filthy scum and subhumans. I hate them all! Ref_994.,0,0,0,0,0,0
"You are a pathetic loser, get a life and stop editing Wikipedia. Ref_995.",0,0,0,0,0,0
"Explanation
Why the edits made under my username Hardcore Metallica Fan were reverted? They weren't vandalisms. Ref_996.",0,0,0,0,0,0
"You are a pathetic loser, get a life and stop editing Wikipedia. Ref_997.",0,0,0,0,0,0
I will find where you live and end you. Consider this a real threat. Ref_998.,0,0,0,0,0,0
Fuck you and your stupid rules! You complete asshole! Ref_999.,1,0,0,0,0,0
